stock_id,revenue_month,t0,src,timed,after_close,sue,surprise,yoy,mom_sa,pre_car,ar0,abs_ar0,ar_m1,ar_p1,base_stock,car_1_1,car_1_5,car_1_10,car_1_20,car_1_40,car_1_60,car_0_1,mom60,abn_vol,locked,precise,q_all,q
2303,2023-08-01,2023-09-07,news_item,True,True,-0.20285678205686947,-0.017916585506866284,-0.2641216442673979,0.0003482972082089475,0.06701298087002436,-0.008112840889728105,0.008112840889728105,0.00521324319118894,0.0006405434608873879,0.01707022004317954,0.0006405434608873879,0.03137516456607668,0.011544144212300093,0.007932234334325754,0.11629835026933849,0.0551882703492958,-0.007472297428840717,-0.07939939598915169,-0.07654576826382674,False,True,2,2
2303,2023-10-01,2023-11-07,news_item,True,True,-0.0862172988674092,-0.007267721789600501,-0.2803695429993134,0.010344334886820405,-0.0073521788985584716,0.006850172258151702,0.006850172258151702,-0.008202674903110298,-0.020657935266065006,0.01707022004317954,-0.020657935266065006,-0.029115014344632616,-0.03346162966971576,-0.061110079920042706,-0.0908398638046855,-0.1300983557639111,-0.013807763007913303,0.06261880538672582,-0.5273756470927039,False,True,2,2
2303,2023-11-01,2023-12-07,news_item,True,True,0.49586307371065474,0.040566755389008335,-0.23783493299527336,0.04253461000404002,-0.03779878244177547,-0.003616097476786093,0.003616097476786093,-0.00915123021074575,-0.006290227887891405,0.01707022004317954,-0.006290227887891405,-0.002723626023789007,-0.03079368625875565,-0.012840250980530092,-0.06852701941424774,-0.025770354855985098,-0.009906325364677497,0.13926246165208678,-0.43408707064543817,False,True,4,4
2303,2023-12-01,2024-01-08,news_item,True,True,1.051770403294011,0.08730733798641194,-0.1823321133071616,0.05550281968811177,0.01795343527822555,-0.0062768527522913,0.0062768527522913,-0.003329710825310253,0.0038263160851162627,0.01707022004317954,0.0038263160851162627,0.024743628125515157,-0.017603460004569887,-0.058712645890959446,-0.007541936455617661,-0.04216364729706147,-0.002450536667175037,0.0789458891947925,0.11918808785470866,False,True,5,5
2303,2024-03-01,2024-04-10,news_item,True,True,1.78473254156788,0.17096955145446202,0.030261383632435468,0.06009624356957488,0.007399148850103732,0.0178261874677536,0.0178261874677536,0.0019733145730549935,-0.007419357299587928,0.01707022004317954,-0.007419357299587928,-0.01720213471062098,-0.0060633254218722486,0.029320938133645655,0.03710972315239654,0.010323269356751354,0.010406830168165671,0.034955403189050216,0.15202856080931132,False,True,5,5
2303,2024-04-01,2024-05-09,news_item,True,False,0.9343646763044555,0.09652313910548571,0.026679470263324845,-0.003581913369110623,0.03066729302519449,0.010101814479196754,0.010101814479196754,-0.0021271504941764233,0.0029678925081973845,0.01707022004317954,0.0029678925081973845,-0.017643801012941468,0.037607271210313625,0.007788785018750889,-0.018997668776894298,0.13160294584288698,0.013069706987394139,-0.042216635782513556,-0.8436883015026047,False,True,5,4
2303,2024-05-01,2024-06-07,news_item,True,True,0.5453679391468195,0.05799815039688857,0.06703348171642887,0.04035401145310402,-0.029818486191562733,0.01815821877825307,0.01815821877825307,0.0043869095253670325,0.011694342589525085,0.01707022004317954,0.011694342589525085,0.012462506840070805,-0.0066439766325344,-0.02866693787285632,0.08121869551957467,0.07159184243471284,0.029852561367778155,0.15103162332443487,-0.10319910144116157,False,True,4,4
2303,2024-06-01,2024-07-08,news_item,True,True,-0.029292153940861168,-0.003135929070096445,0.038188849467299946,-0.02884463224912892,-0.045729763175658064,0.01627773470104192,0.01627773470104192,-0.02289858131814651,0.015191993859461043,0.01707022004317954,0.015191993859461043,-0.03586001169441234,-0.03991145362259971,0.10988563339243101,0.10025878030756916,0.07241973535895967,0.031469728560502966,0.10786716198284418,0.49909334636115954,False,True,3,3
2303,2024-07-01,2024-08-09,news_item,True,True,-1.1876917827343871,-0.12641115979128514,-0.08244389264226726,-0.1206327421095672,0.1449577114899676,-0.007056727114277586,0.007056727114277586,0.011981462229485776,-0.008151824804516018,0.01707022004317954,-0.008151824804516018,-0.02601628509056494,-0.03390216016885325,0.006377308901617327,-0.055458281974648624,-0.1967212341290936,-0.015208551918793604,0.0840273764687538,0.06332374452696471,False,True,1,1
2303,2024-09-01,2024-10-09,news_item,True,True,0.6336116244134546,0.0697379599913847,0.0855870400937242,-0.0062152433882616265,-0.009745649180939661,-0.016648399351284756,0.016648399351284756,0.003580750525315632,-0.010725729213983567,0.01707022004317954,-0.010725729213983567,-0.037852131292428315,-0.06135604606765728,-0.14126295215444498,-0.17691632567778723,-0.12599574475830064,-0.027374128565268323,0.007153804321643253,0.06669010689945883,False,True,4,4
2303,2024-10-01,2024-11-08,news_item,True,True,-0.3352463193672567,-0.037450420273934526,-0.005801943296120271,-0.09138898338984447,-0.0695724718573282,0.001522860011476385,0.001522860011476385,0.0008976548216757183,0.005840767437999142,0.01707022004317954,0.005840767437999142,-0.0013347761189622925,-0.022625962750090857,-0.03565337352334221,0.015267207396144344,-0.017980339590611127,0.007363627449475527,-0.021676398362131977,0.34542298313792846,False,True,2,2
2303,2024-11-01,2024-12-10,news_item,True,True,0.4508103065619116,0.05038289242843419,0.1075786858549641,0.11338062915108438,0.0054638061804749075,-0.0002985246464906688,0.0002985246464906688,0.01997821869106535,-0.010686452672369203,0.01707022004317954,-0.010686452672369203,0.005797517320613139,0.03140658336347915,0.01383494324067035,-0.0032545935366088685,0.07070112118418542,-0.010984977318859872,-0.20471373814279792,-0.7500687405129824,False,True,4,4
2303,2024-12-01,2025-01-10,news_item,True,False,0.022538608676828758,0.0025329570901260964,0.06498755130764877,-0.042591134547315335,-0.007569268090387764,-0.0016177335740377692,0.0016177335740377692,0.007739664619567259,0.020121593118594485,0.01707022004317954,0.020121593118594485,0.001162719240682706,0.005776327520221943,-0.03240505212820906,0.05829861141784314,0.24588359847063035,0.018503859544556717,-0.22018832977376057,-0.4832205451431328,False,True,3,3
2303,2025-06-01,2025-07-07,cnyes_list,False,,-0.7995710830431126,-0.05689797432792313,-0.0015095845359702764,-0.03699646080469776,-0.057345662382883536,-0.0020841557070308096,0.0020841557070308096,0.0010791868041526431,0.017717266271231838,0.01707022004317954,0.017717266271231838,-0.0020723016951855015,-0.0263878390163678,-0.07728880687719797,-0.13156905546670328,-0.1229379502822295,0.01563311056420103,0.06055814206957866,-0.5573543922495283,False,True,1,1
2303,2025-08-01,2025-09-05,news_item,True,True,-1.0846020017570661,-0.07656600679478132,-0.041867000644838726,-0.11198672736190929,0.004594557326431735,-0.037410554090963846,0.037410554090963846,0.017549804052738628,0.0012230954482431427,0.01707022004317954,0.0012230954482431427,-0.02974316937916146,-0.03825587865282274,-0.05894359857038321,-0.05034635806012651,0.006108158491708978,-0.0361874586427207,-0.06514808916368908,-0.06855799073813457,False,True,1,1
2303,2025-10-01,2025-11-07,cnyes_list,False,,0.8745123992875761,0.06614140333796452,0.050665005959572795,0.1253469241669798,-0.0049413865467428375,-0.004647330052568415,0.004647330052568415,-0.044242893227466856,-0.00376125874392208,0.01707022004317954,-0.00376125874392208,-0.006209994591383505,0.06534691911624368,0.0718570476625757,-0.067523167746847,0.03930684280695755,-0.008408588796490495,0.044950899661507115,-0.5051176300403626,False,True,4,4
2303,2025-11-01,2025-12-09,news_item,True,False,0.2420917325207294,0.01839237677125875,-0.003568927526298893,-0.05423393348587169,-0.03380923316549707,-0.0024231633228733295,0.0024231633228733295,-0.011483860341039261,0.001745809362091919,0.01707022004317954,0.001745809362091919,0.013471062538086678,0.016535261821027658,-0.0640438648214775,-0.005705725447252549,-0.11451747444745367,-0.0006773539607814105,0.10763260091530658,-0.0440575535542825,False,True,3,3
2303,2026-03-01,2026-04-22,finmind,False,,0.2879869211746184,0.019446257549899336,0.06137528953735227,0.009463837848269208,0.15818399402168543,0.023723722293276843,0.023723722293276843,-0.03754633105494154,-0.018773732829603235,0.01707022004317954,-0.018773732829603235,-0.02995387408754558,0.14611190816069472,0.2872541072690624,0.27711573910017273,0.35989331261957747,0.004949989463673608,0.16060278749884782,1.1718816320291827,False,True,3,3
2303,2026-04-01,2026-04-22,finmind,False,,0.07734731156197018,0.00453335313005946,0.04778477822168625,-0.01359051131566602,0.15818399402168543,0.023723722293276843,0.023723722293276843,-0.03754633105494154,-0.018773732829603235,0.01707022004317954,-0.018773732829603235,-0.02995387408754558,0.14611190816069472,0.2872541072690624,0.27711573910017273,0.35989331261957747,0.004949989463673608,0.16060278749884782,1.1718816320291827,False,True,3,3
2303,2026-05-01,2026-06-08,news_item,True,True,0.8822911180608194,0.04888045543626399,0.10257096191897119,0.05478618369728494,0.01572160951554144,-0.0191609726633427,0.0191609726633427,0.08790768707806051,0.021314255376320732,0.01707022004317954,0.021314255376320732,0.09986880281384442,0.23970282561734438,0.19845299099508773,0.05330716353799386,0.051812538499857126,0.0021532827129780337,0.578879304829182,0.23617632098496358,False,True,4,4
2303,2026-06-01,2026-06-08,finmind,False,,1.6911692812871144,0.09307755200644863,0.16365456189911853,0.06108359998014734,0.01572160951554144,-0.0191609726633427,0.0191609726633427,0.08790768707806051,0.021314255376320732,0.01707022004317954,0.021314255376320732,0.09986880281384442,0.23970282561734438,0.19845299099508773,0.05330716353799386,0.051812538499857126,0.0021532827129780337,0.578879304829182,0.23617632098496358,False,True,5,5
2312,2025-01-01,2025-02-11,cnyes_item,True,True,0.34634051936306476,0.05002727617385479,0.1607703364895059,0.12527998612321412,0.02246470030632314,0.02509434573097879,0.02509434573097879,0.013289363026975223,0.024595178562460834,0.014989620827766862,0.024595178562460834,-0.05528157584155032,-0.05045602386697813,-0.0712087462335778,-0.10933128264974382,-0.16814579734546845,0.04968952429343962,-0.0321310921890694,0.39974126378070574,False,True,4,4
2312,2025-02-01,2025-03-11,cnyes_item,True,True,1.6471032377004307,0.2097137912365265,0.30846097890021795,0.14769064241071206,-0.007376258959241837,-0.009496849544698474,0.009496849544698474,-0.008805293099222908,-0.025049032233425635,0.014989620827766862,-0.025049032233425635,-0.0645479899044198,-0.0564748091702586,-0.10184392319269632,-0.1090809936661895,-0.09501767946791628,-0.03454588177812411,-0.06662979891547449,-0.1091654413524907,False,True,5,5
2312,2025-09-01,2025-10-14,cnyes_list,False,,-0.6031078578637694,-0.08833210543918449,-0.22517649372595372,0.013795618584662606,0.07406267799119612,0.017776367847903162,0.017776367847903162,0.11561795075985692,0.0055894050930951344,0.014989620827766862,0.0055894050930951344,-0.05416121516894587,-0.018377976489489696,-0.04562336179407346,-0.0779173716610014,-0.16804817074878045,0.023365772940998297,0.012546421883387726,2.7220171811506284,False,True,2,1
2312,2026-03-01,2026-04-22,finmind,False,,-0.8952283739956621,-0.12863667446413868,-0.2154496535889905,-0.0754404811884406,0.11491238146121519,0.09042060392148721,0.09042060392148721,0.07088637636257761,-0.05496886217796963,0.014989620827766862,-0.05496886217796963,-0.020495987160759552,-0.1149357946819064,-0.11093685810052697,-0.18545046071726787,-0.15752885797160013,0.035451741743517576,-0.03850643076521676,2.102120145247134,True,True,1,1
2312,2026-04-01,2026-05-12,news_item,True,True,-0.22264255818185075,-0.03247914939028007,-0.14008064283128263,0.07536901075770785,0.023132196970188028,-0.03317875234194276,0.03317875234194276,0.040663085298881546,-0.0166586942904327,0.014989620827766862,-0.0166586942904327,-0.03804590667764131,0.17163852330195095,0.057675542066263824,-0.05028508711105917,-0.020746211360220056,-0.04983744663237546,-0.2555622455248092,0.31168523571391155,False,True,2,2
2312,2026-05-01,2026-06-10,news_item,True,True,0.8974726616744545,0.1296928383545186,-0.03548698458575572,0.10459365824552691,-0.11396298123568714,-0.015311429281266005,0.015311429281266005,0.01846167503413572,-0.014071357130236743,0.014989620827766862,-0.014071357130236743,-0.10969235503697453,-0.08194826569543623,-0.10122230581400068,-0.06433053792337898,-0.07942165539962537,-0.02938278641150275,0.46005241730918245,0.05337374510930256,False,True,4,4
2313,2023-08-01,2023-09-07,news_item,True,True,0.19348261298410985,0.028807492271495733,-0.13302442104972556,0.1482484521940144,0.1456227417596217,-0.020378019514162102,0.020378019514162102,0.09526604728900312,0.0028590900803324715,0.01990168290608096,0.0028590900803324715,0.03744101244164717,0.14861453640671282,0.08310324609215139,0.14969226567953017,0.38502478108130866,-0.01751892943382963,-0.01824574558898373,2.193634444809438,False,True,3,3
2313,2023-09-01,2023-10-06,news_item,True,True,0.4001606614558752,0.058370625681885,-0.10673145597175449,0.026292965077971076,-0.062194881589132986,-0.014643697205862762,0.014643697205862762,-0.0012345019879249318,0.012995852548074576,0.01990168290608096,0.012995852548074576,0.04602613747219105,0.04454510693211244,0.06658901958737883,0.30192153498915725,0.1996672002609115,-0.0016478446577881858,0.24954898336495024,-1.3291816255692366,False,True,4,4
2313,2024-04-01,2024-05-07,cnyes_item,True,True,0.7118477851079335,0.10056187743840421,0.17457602248442328,0.0995697073339592,-0.004791217457370097,0.018369901779620695,0.018369901779620695,-0.01730862117155568,-0.001532403953507136,0.01990168290608096,-0.001532403953507136,-0.1104155905711581,-0.012127890806198548,-0.1093756576835885,-0.04161757161568611,-0.06136681665470109,0.01683749782611356,0.13635087051544748,-0.20823008801268356,False,True,4,4
2313,2024-05-01,2024-06-07,news_item,True,True,0.6957582095541233,0.09917077478620939,0.23700685881873795,0.06243083633431468,-0.07509000687735018,0.00532272388518008,0.00532272388518008,-0.0018288893279538119,0.007277707410104811,0.01990168290608096,0.007277707410104811,-0.01312730302228808,0.05829325140299241,0.1106234380509147,0.04571186201142163,0.07570366434869782,0.01260043129528489,-0.0025547947125694748,0.864457084881054,False,True,4,4
2313,2024-07-01,2024-08-06,cnyes_list,False,,-0.225144693005728,-0.0320229749934704,0.16701329280770238,-0.018512629292654736,-0.03886549631324926,-0.01379337251254447,0.01379337251254447,-0.01595250692080777,0.02557325023182959,0.01990168290608096,0.02557325023182959,0.018317259155017775,0.023338649469259995,0.07046401722605766,-0.04596653610144006,-0.12425180242366364,0.011779877719285119,0.14925114529760908,-0.3064750482451172,False,True,2,2
2313,2025-01-01,2025-02-06,cnyes_list,False,,1.2612181865128558,0.17019693791719942,0.09654549010513946,0.12608755869881705,0.019589094164031682,-0.012934533811823148,0.012934533811823148,0.01011117512715353,0.010246005044751155,0.01990168290608096,0.010246005044751155,-0.051863281104259945,-0.06587055997844848,-0.07136694785668607,-0.1158389613556012,-0.04370102716991843,-0.0026885287670719935,0.03653360440054687,-1.312828619810589,False,True,5,5
2313,2025-04-01,2025-05-06,cnyes_list,False,,0.6492419646665165,0.07043156810150582,0.134714322826337,-0.05237904901938606,0.06722391733262342,0.026939348233856696,0.026939348233856696,0.037660207141628786,-0.023370721912215738,0.01990168290608096,-0.023370721912215738,0.005768184571250692,-0.014050464221048473,0.023382044034206493,-0.023667687827782884,0.060974331605673275,0.0035686263216409587,-0.26949166512389056,0.5522665436515297,False,True,4,4
2313,2025-06-01,2025-07-07,cnyes_list,False,,-0.8987144302770615,-0.09404762073260287,0.047973794629175615,-0.056282756784099774,0.053616760030936364,0.008680102633227493,0.008680102633227493,0.005895354171904149,0.020549108309038607,0.01990168290608096,0.020549108309038607,0.040110459159513195,0.041129950901897416,0.08309755879516675,0.19801901824679388,0.05649840324615342,0.0292292109422661,-0.1446136847941193,-0.022855948551529805,False,True,1,1
2313,2025-08-01,2025-09-08,news_item,True,True,-1.8652106926535743,-0.18894395255010582,-0.11448912443701786,-0.18562326273383079,-0.01291800077766645,-0.014411431276063197,0.014411431276063197,-0.014541318583854788,0.03161693598114008,0.01990168290608096,0.03161693598114008,-0.019748873429758257,-0.03650227742831401,-0.010344636509980777,-0.04156399266229541,-0.04029284015184877,0.017205504705076882,0.23146178011704688,-0.688360314158633,False,True,1,1
2313,2025-09-01,2025-10-07,news_item,True,True,-0.6084603385097034,-0.06692335367376974,-0.06538375084411285,0.04910537359290501,-0.024745873100143707,0.03372022616320271,0.03372022616320271,0.03599195259389179,0.04178372600402452,0.01990168290608096,0.04178372600402452,0.0959092309576661,0.09935819626082285,0.005601006143499149,0.019257057377064797,0.02538942246029528,0.07550395216722722,0.2876829584421037,0.6738513868770346,False,True,2,1
2313,2025-10-01,2025-11-06,news_item,True,True,1.661988312945598,0.18394918046383543,0.14770293480239616,0.213086685646509,-0.05923123440558371,-0.027443222090220057,0.027443222090220057,-0.008452070884572267,0.004963363708210771,0.01990168290608096,0.004963363708210771,0.022619079657759465,-0.00369148020175028,0.013656051233565645,0.019788416316796106,0.5092785086658823,-0.022479858382009284,0.35009396478064847,-0.743822425994963,False,True,5,5
2313,2025-12-01,2026-01-15,news_item,True,True,-0.4764566918088587,-0.05497708269402679,-0.00799428821806103,-0.06662348768767501,0.14889093573071713,0.05506312260928002,0.05506312260928002,-0.03486027942535943,-0.015119219142935639,0.01990168290608096,-0.015119219142935639,0.049990195194990594,0.18224051173192074,0.3082096183647782,0.34413994164645745,0.3244948911279782,0.03994390346634438,0.29862599489469766,1.0313946766218114,False,True,2,2
2313,2026-01-01,2026-02-06,cnyes_item,True,True,0.4928039869895453,0.0569345074470166,0.12304712279833296,0.131041411016394,0.1474150920611939,-0.003861975215308601,0.003861975215308601,-0.058438630174203296,-0.012116674828649138,0.01990168290608096,-0.012116674828649138,0.17107712420305382,0.1891600758556311,0.16392831520350903,0.28682667549922874,0.14971863035183708,-0.015978650043957737,0.5911362107979752,0.15882049281856728,False,True,4,4
2313,2026-03-01,2026-04-22,finmind,False,,-1.2292876566797961,-0.15092658945514378,5.806615851966512e-05,-0.3378430661021987,-0.202738279195637,-0.03996826934688771,0.03996826934688771,-0.011424788665776363,-0.0592688999526304,0.01990168290608096,-0.0592688999526304,-0.04849597403325695,-0.05785702590984462,-0.07410389573700907,-0.3046349511112952,-0.39936730956193633,-0.0992371692995181,1.04619183175802,-0.6271404598022106,True,True,1,1
2313,2026-04-01,2026-04-22,finmind,False,,-0.37940998548942556,-0.048202457815764405,0.10546631592342592,0.10540824976490626,-0.202738279195637,-0.03996826934688771,0.03996826934688771,-0.011424788665776363,-0.0592688999526304,0.01990168290608096,-0.0592688999526304,-0.04849597403325695,-0.05785702590984462,-0.07410389573700907,-0.3046349511112952,-0.39936730956193633,-0.0992371692995181,1.04619183175802,-0.6271404598022106,True,True,2,2
2313,2026-05-01,2026-05-07,finmind,False,,-1.4065022601831965,-0.17684577915987396,-0.029037274378985956,-0.13450359030241188,-0.0753718876049324,-0.022453407651799928,0.022453407651799928,-0.10863147766836473,0.0410842048064322,0.01990168290608096,0.0410842048064322,-0.047150874344506884,-0.016246869827164435,-0.20321578501251114,-0.3538790911250161,-0.38827617792893904,0.01863079715463227,0.6340256695035924,-0.385586191879171,False,True,1,1
2323,2026-01-01,2026-02-11,cnyes_item,True,True,0.22377217753518033,0.018647070989686654,0.016153191606687045,-0.1005746054884753,-0.028290163938208733,0.00919555782531245,0.00919555782531245,-0.006678369532960537,-0.000758319616351158,0.012833018731248529,-0.000758319616351158,-0.008184849395098608,0.035657281915836156,0.11025767608518944,-0.11028369868963653,-0.32028718747057094,0.008437238208961292,0.15399419754855703,-0.626539303242398,False,True,3,3
2323,2026-03-01,2026-04-22,finmind,False,,-0.029522706085181916,-0.0026589262644177436,0.12340333533136061,-0.12190246075412503,-0.11689514372281057,-0.013547547005808564,0.013547547005808564,-0.023135135815280483,0.010297566536053265,0.012833018731248529,0.010297566536053265,-0.023738607640221752,-0.058705251013769534,-0.21000348878093444,-0.2736891332856972,-0.23368713327537952,-0.0032499804697552984,0.023530497410193973,-1.3832481492936366,False,True,3,3
2323,2026-04-01,2026-04-22,finmind,False,,-0.7355157941398027,-0.06611479632815312,0.0621726446796913,-0.061230690651669306,-0.11689514372281057,-0.013547547005808564,0.013547547005808564,-0.023135135815280483,0.010297566536053265,0.012833018731248529,0.010297566536053265,-0.023738607640221752,-0.058705251013769534,-0.21000348878093444,-0.2736891332856972,-0.23368713327537952,-0.0032499804697552984,0.023530497410193973,-1.3832481492936366,False,True,1,1
2323,2026-05-01,2026-05-12,finmind,False,,-1.850183089646656,-0.15902268105883266,-0.01539542235998681,-0.07756806703967811,-0.08386664054805085,-0.017323760439846705,0.017323760439846705,-0.02490197472489589,-0.01906089618219431,0.012833018731248529,-0.01906089618219431,-0.09594623812413353,-0.1886785940737476,-0.11970298204075011,-0.15587436219280457,-0.15667465318883178,-0.03638465662204102,-0.07061756721395351,0.1821683807299993,False,True,1,1
2324,2023-11-01,2023-12-11,news_item,True,True,0.24391432918871428,0.062395397137930075,-0.08069521279081115,0.12487403171331124,0.015474787158190331,0.033969615414115285,0.033969615414115285,-2.2592097088214302e-05,-0.009975645803810992,0.01483528139867618,-0.009975645803810992,0.049159829937419214,0.094092468886673,0.10130906333610357,0.04285678968168824,0.04386582731448103,0.023993969610304294,-0.09755979061086295,0.8006671814282835,False,True,3,3
2324,2024-01-01,2024-02-16,news_item,True,True,0.15599662496220557,0.04011422214466738,-0.042039254939911785,-0.08184328098110782,-0.03606557362733129,0.012463233944161628,0.012463233944161628,-0.008392519535102057,0.0007980558344575995,0.01483528139867618,0.0007980558344575995,-0.013299276413745809,0.02617354269039421,-0.03274926278808956,-0.013827798872395243,0.031303465041475353,0.013261289778619227,0.26529714761963863,-0.38286327497833694,False,True,3,3
2324,2024-02-01,2024-03-11,news_item,True,True,0.18935319213554594,0.048721413234738734,0.021077932671563104,0.06311718761147489,-0.005019418058388046,-0.007160415687074902,0.007160415687074902,0.010977571695935072,-0.008409484532466822,0.01483528139867618,-0.008409484532466822,-0.014415756302336085,0.00406751712440165,-0.007991188562152047,0.03719426253491356,0.0024425385459535855,-0.015569900219541724,0.17824786227893696,-0.4632429136685767,False,True,3,3
2324,2024-04-01,2024-05-10,news_item,True,True,0.13855845235947659,0.03540249995224561,-0.022344420856914127,0.1299350193022164,0.022410410828744315,0.0012565494279682412,0.0012565494279682412,0.017351304847281653,0.0026035755976819472,0.01483528139867618,0.0026035755976819472,-0.00198424003807917,0.017216151971121536,-0.04233166389355239,-0.17619343487578182,-0.13859501181560685,0.0038601250256501884,0.05895832990569394,-0.1958691260585496,False,True,3,3
2324,2024-05-01,2024-06-12,news_item,True,True,0.11330049093926421,0.028875226506995,-0.022306749607832188,3.767124908193864e-05,-0.06767987626489566,-0.007054769270639199,0.007054769270639199,1.9230050364717893e-05,-0.0005627779023924424,0.01483528139867618,-0.0005627779023924424,-0.02331900329136455,-0.04851278709082727,-0.1095904053852996,-0.10533569868399137,-0.047765670301789596,-0.007617547173031642,0.1057447407398362,-0.6758486510850837,False,True,3,3
2324,2024-07-01,2024-08-12,news_item,True,True,0.23071113634932985,0.05225210628932805,0.012624070099768403,0.08685700820370101,0.014037036246439242,-0.010086408349944998,0.010086408349944998,-0.0011351573155745365,-0.01033601146787657,0.01483528139867618,-0.01033601146787657,-0.015857017549370918,0.03536324757908363,0.08176515811104858,0.11493771050807507,0.17746684375543745,-0.020422419817821568,-0.10888398878058769,-0.7394750046260122,False,True,3,3
2324,2024-08-01,2024-09-10,news_item,True,True,-0.36885336955115894,-0.0763665475763311,-0.10433842011366323,-0.11696249021343164,0.046401910531964956,0.005913246861340253,0.005913246861340253,0.01410872137890186,-0.004429586708511737,0.01483528139867618,-0.004429586708511737,-0.013922981048302925,-0.010723763832156166,0.017286384238733084,0.09578103734702062,0.16986408736521302,0.0014836601528285158,-0.12123469439582335,-0.7302230795757559,False,True,2,2
2324,2024-10-01,2024-11-11,news_item,True,True,0.024091375673336295,0.004866151640528688,-0.016159975859306286,-0.04479594337369619,0.040648210665839034,0.006691688539652133,0.006691688539652133,-0.003916137708506099,0.005992598563972013,0.01483528139867618,0.005992598563972013,0.03058781769577686,0.031575187610951426,0.08008465921517133,0.06132015176841472,0.13149790070357156,0.012684287103624146,0.09363571582484642,0.09389597156367716,False,True,3,3
2324,2024-11-01,2024-12-10,news_item,True,True,0.03558071512576132,0.0070086506403074615,-0.023612158845885745,-0.007452182986579459,0.048509471604219895,-9.010633006908443e-06,9.010633006908443e-06,0.01758820122677702,-0.001901488710035027,0.01483528139867618,-0.001901488710035027,-0.014614584188172427,-0.010064648515873235,-0.0046242133578886235,0.0466138718688106,0.04756676930879334,-0.0019104993430419355,0.1251637063598392,-0.14974448319571504,False,True,3,3
2324,2024-12-01,2025-01-10,news_item,True,True,-0.28956075406063303,-0.05684616540177719,-0.060558221132044565,-0.03694606228615882,0.008870798482234887,0.0045305627119565945,0.0045305627119565945,0.015209284424355714,0.015867386699172738,0.01483528139867618,0.015867386699172738,-0.002054288349514496,0.040962739219505044,0.009837392442978097,0.0019173184261293205,-0.09278087297796989,0.02039794941112933,0.13465680871063057,-0.23224176417112738,False,True,2,2
2324,2025-01-01,2025-02-11,news_item,True,True,-0.2565175234846722,-0.048654795001799776,-0.0820982469475453,-0.02154002581550074,0.047871205475927076,-0.005287804665877844,0.005287804665877844,-0.004620510755396923,0.01074036231794678,0.01483528139867618,0.01074036231794678,-0.03603977079536346,-0.01922780956085677,-0.023301583426713526,-0.1369184737483248,-0.1708507183207921,0.0054525576520689355,0.002758433841996144,-0.59078139741606,False,True,2,2
2324,2025-02-01,2025-03-11,news_item,True,True,-0.5112630093283845,-0.0910685588927033,-0.1464914345345285,-0.0643931875869832,0.019387235160582626,0.011913399793834281,0.011913399793834281,-0.010950562296223513,-0.006806031383532857,0.01483528139867618,-0.006806031383532857,0.0019343564596115484,-0.0352719209474726,-0.10433937002992126,-0.1391531106237602,-0.14869327345125014,0.005107368410301424,0.05142801100609873,0.6343730863321135,False,True,2,1
2324,2025-05-01,2025-06-10,news_item,True,True,-1.1763329588649318,-0.21237781046686047,-0.21530717264371546,-0.19243744438022148,0.0198233391261916,-0.01620148048141222,0.01620148048141222,0.0041444406487489704,-0.0012967631710464494,0.01483528139867618,-0.0012967631710464494,0.007427189652784154,-0.001910886628160597,0.025928257855252775,0.03964740506919234,-0.10289843183329743,-0.01749824365245867,-0.2744142772270539,-0.2503718493699318,False,True,1,1
2324,2025-06-01,2025-07-10,news_item,True,True,-2.01068204386373,-0.2677062361308546,-0.29357417767743854,-0.07826700503372308,0.02767066470939047,-0.013097312898009163,0.013097312898009163,0.0047415816751342175,-0.003602362949435352,0.01483528139867618,-0.003602362949435352,-0.006255934944920971,0.011440475955055342,0.01714207269200082,-0.1078265930603889,-0.07444092402763605,-0.016699675847444514,-0.19374261766540313,-0.976287084366447,False,True,1,1
2324,2025-07-01,2025-08-11,news_item,True,True,-0.9413044661948505,-0.13447405622522624,-0.31172441575344223,-0.01815023807600369,-0.017673666837260772,-0.012489326911143895,0.012489326911143895,-0.02421785637069632,-0.015526114730609466,0.01483528139867618,-0.015526114730609466,-0.09059658888776359,-0.08249026556237218,-0.09388864381547087,-0.088746092635471,-0.11352122964254399,-0.02801544164175336,0.0841129979031705,-0.5101530679073483,False,True,1,1
2324,2025-08-01,2025-09-10,news_item,True,True,0.06492254243183962,0.007613684864432202,-0.2659215704937665,0.045802845259675706,-0.014150142652113335,-0.013142108680947825,0.013142108680947825,-0.00030488223678946306,0.004592338163038863,0.01483528139867618,0.004592338163038863,0.06038433696337836,0.1351887574095746,0.014579909490475168,-0.044711313438274086,-0.11295444523673362,-0.008549770517908962,0.018053287075081137,0.25955027954524745,False,True,3,3
2324,2025-10-01,2025-11-11,news_item,True,True,1.1378528872559164,0.1282908281786881,-0.18354232277384241,0.17431114383654034,-0.09354340400760586,-0.026820926814592028,0.026820926814592028,-0.011704791714346212,0.002557382518636706,0.01483528139867618,0.002557382518636706,-0.022069855250351832,0.007520747869897564,-0.0682431317984595,-0.18891738457472615,-0.24742845411752026,-0.02426354429595532,0.18005276997403197,-0.8450740234122864,False,True,5,5
2324,2025-11-01,2025-12-10,news_item,True,True,-0.4554827956368691,-0.05301240922978917,-0.3221181958557864,-0.13857587308194397,-0.07576387966835707,0.012275680390908275,0.012275680390908275,-0.03475038851504692,-0.0005623326259814269,0.01483528139867618,-0.0005623326259814269,-0.005918170657748067,0.00364574066515272,-0.1367874848539503,-0.19152545732900633,-0.2606217429542611,0.011713347764926848,0.05388022302400808,-0.7354876884634294,False,True,2,2
2324,2026-01-01,2026-02-10,news_item,True,True,2.5009708364647634,0.27630553775324296,0.029346394966669465,0.26456330469676104,-0.012074469285329018,-0.010089040487999695,0.010089040487999695,-0.015151161011746982,-0.016366951487222812,0.01483528139867618,-0.016366951487222812,-0.06943788171071386,-0.013313723788284118,-0.020267651521337172,-0.09179123554952678,-0.3042087904182062,-0.026455991975222505,-0.048420144567026036,-0.6974475775335827,False,True,5,5
2324,2026-02-01,2026-03-10,news_item,True,True,1.9651763594435727,0.2463989074074687,0.07040267053439919,0.04105627556772973,0.054266681358889665,-0.011432256876764534,0.011432256876764534,0.051213453659950975,-0.0357466782432373,0.01483528139867618,-0.0357466782432373,-0.06664857283080901,-0.023313299834697022,-0.2053872349724956,-0.23249993128972624,-0.15168236341657193,-0.04717893512000183,0.05197897288042119,-0.3342281643561593,False,True,5,5
2324,2026-03-01,2026-04-22,finmind,False,,-1.4937865938701191,-0.20220979176600315,-0.2473657398423441,-0.3177684103767433,0.04357458357749365,0.033648827780564744,0.033648827780564744,0.012684665984775145,-0.0007483218858196292,0.01483528139867618,-0.0007483218858196292,-0.07614501434554483,-0.1794221910191616,-0.1992215682437704,-0.21813887716127214,-0.13250631602042656,0.032900505894745115,-0.0886314172123126,1.165430733673244,False,True,1,1
2324,2026-04-01,2026-05-11,news_item,True,True,1.4967739581973838,0.20635048023207503,0.15714492211831654,0.40451066196066066,-0.14714172864004224,0.009937195130400187,0.009937195130400187,0.03153214049329972,-0.04832797954923014,0.01483528139867618,-0.04832797954923014,-0.10667339085675331,-0.04059196461015602,0.06550660621276311,-0.08836278674675582,0.04678262441159853,-0.038390784418829954,0.04036470059079056,0.45799024834741836,False,True,5,5
2324,2026-05-01,2026-06-10,news_item,True,True,1.0479750393952867,0.15104670436012432,0.14444065529691485,-0.012704266821401689,0.10286676393080513,0.015544952423928275,0.015544952423928275,-0.03746100907733429,-0.042690453160709865,0.01483528139867618,-0.042690453160709865,-0.10407161813530447,-0.1521569036785751,-0.10723912328051712,0.014726898053103728,0.08440681124954479,-0.02714550073678159,0.14554545013687337,0.42835818367460227,False,True,5,5
2327,2025-08-01,2025-09-09,mops_item,True,True,-0.9925771993652259,-0.07453637933941337,-0.03309318187065813,-0.13316473989099364,-0.06730924835621747,0.009124873963955983,0.009124873963955983,0.010304392412850649,0.0259305982597227,0.027337876738685325,0.0259305982597227,0.042801374064944,0.1626225323788501,0.1638368659233408,0.3820467053168999,0.3867506239468827,0.035055472223678684,0.0018332288055429302,0.2901809819217195,False,True,1,1
2327,2025-09-01,2025-10-09,mops_item,True,True,0.4588951334639105,0.035506874218987385,0.041884455460845516,0.07497763733150364,-0.0018572915935889788,-0.01672128300740907,0.01672128300740907,0.00812119747023869,-0.015605456592587729,0.027337876738685325,-0.015605456592587729,0.02320986722292161,0.2781863116457355,0.218209839393559,0.22291375802354188,0.1313102068632804,-0.032326739599996795,0.22357702220575248,0.4695818071319373,False,True,4,4
2327,2025-10-01,2025-11-10,mops_item,True,True,1.015916176633531,0.07839608684444008,0.11468369738128104,0.07279924192043552,0.039408172015904894,-0.028653986647180874,0.028653986647180874,-0.010462526070769322,0.00570700834560579,0.027337876738685325,0.00570700834560579,0.008346008492648032,0.07847769886951328,0.004703918629982817,-0.0868996325302787,-0.14250882285294766,-0.022946978301575084,0.45952336408351613,-0.48035746794306,False,True,5,4
2327,2025-11-01,2025-12-09,mops_item,True,True,0.5222046725600291,0.04015187275178652,0.08131019640894266,-0.03337350097233838,-0.07377378023953045,0.0022052323957863443,0.0022052323957863443,-0.02000161183348675,0.03289724960566904,0.027337876738685325,0.03289724960566904,-0.052689079265454006,-0.06883546241682909,-0.1381724852276801,-0.15273816517292757,-0.14014617479320277,0.03510248200145538,0.5180195068664686,-0.7776368493501705,False,True,4,4
2327,2025-12-01,2026-01-08,mops_item,True,True,1.5969298263954446,0.1228157459576001,0.20210852904128984,0.12079833263234718,-0.03318564093370048,-0.04436370167163224,0.04436370167163224,-0.03619459275760914,0.03116365026286621,0.027337876738685325,0.03116365026286621,0.08082576213576413,0.1111320735367535,-0.014565679945247462,-0.0019736895655226294,0.08637956338150213,-0.013200051408766032,0.2500510346196103,0.8540472901421908,False,True,5,5
2327,2026-01-01,2026-02-10,mops_item,True,True,1.5952298813032815,0.12767983481132106,0.26038064242182557,0.05827211338053573,-0.10487445174189614,0.009916512076084096,0.009916512076084096,-0.008859586553919364,-0.008167052207280492,0.027337876738685325,-0.008167052207280492,0.06230926671543856,0.0023650416973525594,-0.03147828324651654,0.09364433559354626,0.5155665128272804,0.0017494598688036038,0.14202923755155084,-1.1796000040664925,False,True,5,5
2327,2026-02-01,2026-03-10,mops_item,True,True,0.7119317608380512,0.05877174086414172,0.2400381968214944,-0.02034244560033116,-0.0004674183412888104,0.014890191283133545,0.014890191283133545,-0.010999512245921862,-0.031328972653205694,0.027337876738685325,-0.031328972653205694,0.02432875710437244,-0.054529787637625504,0.004434231328385045,0.22914149090491545,0.6734562414784876,-0.01643878137007215,0.12243254645523471,-0.6598546950988441,False,True,4,4
2327,2026-03-01,2026-04-09,mops_item,True,True,-0.9564452752169114,-0.06893579493388557,0.1652399944943177,-0.07479820232717671,0.04043014965971963,0.030771883676777453,0.030771883676777453,0.007568965001413082,0.006690098817471967,0.027337876738685325,0.006690098817471967,0.10824777872301215,0.02940015458632861,0.22470725957653043,0.6690220101501023,0.914343427908726,0.037461982494249424,0.09097166446465721,0.014222353154191895,False,True,1,1
2327,2026-04-01,2026-05-08,mops_item,True,True,-0.22794810951448713,-0.01665852877041729,0.2052277491421286,0.0399877546478109,0.1024314024102036,0.07257906536321612,0.07257906536321612,0.07843806637185996,-0.023147629888277545,0.027337876738685325,-0.023147629888277545,0.12931114158489201,0.36779835320541643,0.44431475057357195,0.6896361683321954,0.24685740785232,0.04943143547493858,0.12474082435482181,1.0444317200941269,False,True,2,2
2327,2026-05-01,2026-06-09,mops_item,True,True,-0.059176542164370814,-0.004299080995208954,0.19920289915743794,-0.006024849984690661,0.08028770939945314,0.06612537261395847,0.06612537261395847,0.04307608106842338,0.04401378745837404,0.027337876738685325,0.04401378745837404,0.1223265478073881,0.16764054547470253,0.050497922900718376,-0.32550749512311805,-0.4450679624717524,0.11013916007233251,0.8310295682193667,-0.11388827997466597,True,True,3,3
2330,2023-08-01,2023-09-11,mops_item,True,True,0.44645553100456453,0.057177051636147766,-0.05021361294047111,0.06711070657274121,-0.018530010690741408,0.013819816097886468,0.013819816097886468,-0.004029280654355266,0.00586429169548979,0.013719344765255347,0.00586429169548979,-0.016654377676499167,-0.03275481527717043,0.018210182793645217,0.06258907459650592,0.023774316215533185,0.01968410779337626,-0.03130320141797949,-0.3591305166094135,False,True,4,4
2330,2023-09-01,2023-10-11,mops_item,True,True,-0.5598277282070534,-0.0722941708305811,-0.14501656208955893,-0.09480294914908782,0.016658247357287558,0.028305765494827762,0.028305765494827762,0.009317563700008183,-0.007222293081167036,0.013719344765255347,-0.007222293081167036,0.012580202801854344,0.015936994617469075,0.03180680953444172,-0.0003492541402639465,-0.029728114465612198,0.021083472413660726,-0.07986803218102079,1.0238779794045703,False,True,2,1
2330,2023-10-01,2023-11-13,mops_item,True,True,-0.30347937379576456,-0.03919877352875527,-0.14338360504316938,0.0016329570463895493,0.021023955040977357,0.012911308394147827,0.012911308394147827,0.004986040671286178,-0.003061547199140424,0.013719344765255347,-0.003061547199140424,-0.02226001538838445,-0.03355915090929987,-0.04953919742914345,-0.06524558119596595,0.0911502824414857,0.009849761195007403,-0.05274352244338143,0.5299883292359672,False,True,2,2
2330,2023-11-01,2023-12-11,mops_item,True,True,2.00441812894436,0.2583953180087886,0.14552405798438883,0.2889076630275582,-0.026067873497665615,0.008244374540826927,0.008244374540826927,-0.001071464523563638,0.0038270243248191044,0.013719344765255347,0.0038270243248191044,-0.0008042132833361408,-0.036142794661714876,-0.0157063837668225,0.14068947987062916,0.18812095380924487,0.012071398865646031,0.04638267814692387,0.14943814919750228,False,True,5,5
2330,2023-12-01,2024-01-11,mops_item,True,True,-0.21414092879772448,-0.030223871587689168,-0.07784924130380233,-0.22337329928819116,0.034991922790001725,0.00019925050373754884,0.00019925050373754884,0.004331934230252566,0.004400524341770174,0.013719344765255347,0.004400524341770174,0.022011704276735787,0.054815600499021525,0.10446975301027708,0.19353018052217902,0.2762368573836278,0.004599774845507723,0.11895128161766078,-0.08874969753219994,False,True,2,2
2330,2024-01-01,2024-02-15,mops_item,True,True,-0.44721828924742335,-0.06298645810217234,-0.08822272088969996,-0.010373479585897627,0.038690551784112875,0.07413407718251548,0.07413407718251548,0.018444459993703,-0.03907658743277724,0.013719344765255347,-0.03907658743277724,-0.028669045419092556,-0.016544642384593317,0.04743147393861571,0.1190183950923368,0.17220289458992946,0.03505748974973824,0.16604174995265808,1.3282246229962076,False,True,2,2
2330,2024-02-01,2024-03-11,mops_item,True,True,0.598127961824267,0.08256237693567432,0.07571307553263651,0.16393579642233647,0.12860227018533688,-0.03861378222123674,0.03861378222123674,0.04068629549619949,-0.011436014871964877,0.013719344765255347,-0.011436014871964877,-0.012273786518198361,-0.01790737137845566,0.03704979269159882,0.0676209864586644,0.15161887248433742,-0.05004979709320161,0.18695654354589308,0.32107742476457435,False,True,4,4
2330,2024-03-01,2024-04-11,mops_item,True,True,1.0044262077997856,0.13737415312928056,0.10725452424232529,0.03154144870968878,0.05495716407005448,0.012863087785315138,0.012863087785315138,-0.0031764491140574293,-0.006271721659563515,0.013719344765255347,-0.006271721659563515,0.013139855458244755,-0.014942224751972719,0.022505915266830163,0.08488542473700328,0.17067690307016023,0.006591366125751623,0.2923409295330499,-0.6725141315691335,False,True,5,4
2330,2024-04-01,2024-05-13,mops_item,True,True,1.8853476431017224,0.2629525270662955,0.2945341533613828,0.1872796291190575,0.0374481400188029,0.021703924402536684,0.021703924402536684,0.004797809285079716,-0.0017484421930051945,0.013719344765255347,-0.0017484421930051945,-0.004715079550807297,0.007412275816332628,0.05712646615877933,0.14670781943790762,0.1457143430615887,0.01995548220953149,0.2691140699502812,-0.09332834721672069,False,True,5,5
2330,2024-05-01,2024-06-11,mops_item,True,True,2.0411215555431776,0.30821942964221927,0.4673866806876674,0.17285252732628464,0.02228148359925154,0.016450881091142906,0.016450881091142906,-0.016820567270420177,0.029232161249684176,0.013719344765255347,0.029232161249684176,0.03265735788618515,0.031166441257594015,0.08958135327912828,0.08858787690280942,0.06786533912912557,0.04568304234082708,0.22147870844443318,0.521731138792783,False,True,5,5
2330,2024-06-01,2024-07-11,mops_item,True,True,-0.16564565056407068,-0.02683017109253899,0.2628949483379195,-0.20449173234974793,0.035278354656324354,0.016208148186817834,0.016208148186817834,-0.0019752524314682433,-0.03980064932467425,0.013719344765255347,-0.03980064932467425,-0.06100564990437847,-0.034334891940276446,-0.017247929275099386,-0.04259942737601499,0.09742665187983632,-0.02359250113785642,0.2257001119459625,-0.0978885623772041,False,True,2,2
2330,2024-07-01,2024-08-12,mops_item,True,True,-0.3602701734683526,-0.05714217982624348,0.2844630809694131,0.021568132631493597,0.08311663505186191,-0.01687691719137859,0.01687691719137859,0.014855360047947658,-0.0008043346943786304,0.013719344765255347,-0.0008043346943786304,-0.006153638057509032,-0.03431867453693963,-0.0253514981009156,0.11467458115493567,0.1412817778450304,-0.01768125188575722,0.15422778320664587,-0.2897646070728174,False,True,2,2
2330,2024-08-01,2024-09-11,mops_item,True,True,0.20505971898497535,0.031020022633827693,0.3692682592988277,0.08480517832941459,0.040638791540335666,-0.006306505627937622,0.006306505627937622,0.026066394060763425,0.018619655190030497,0.013719344765255347,0.018619655190030497,0.027227422604486913,0.07669893976025624,0.1319908265994033,0.12259671666264024,0.15812403242048095,0.012313149562092875,0.12084493807142227,-0.9188347778223923,False,True,3,3
2330,2024-09-01,2024-10-11,mops_item,True,True,-0.1369226353995844,-0.020707311784761373,0.28483478441729204,-0.08443347488153563,0.05513715617892634,0.01666357029857154,0.01666357029857154,0.007707536611492779,-0.00546086377016055,0.013719344765255347,-0.00546086377016055,0.02424186211937253,0.00012923561466356495,0.026607196690094745,0.05322038895053269,0.15568109862184018,0.011202706528410992,0.022013910419746985,0.2744932025222721,False,True,2,2
2330,2024-10-01,2024-11-11,mops_item,True,True,0.13851948926980415,0.02072403989285948,0.3335794147880371,0.04874463037074506,0.019885092558777233,0.003273881219127887,0.003273881219127887,0.0369978215285717,-0.01004199678277638,0.013719344765255347,-0.01004199678277638,-0.019185457640132582,-0.04367045218680564,0.026613192260437957,0.12907390193174545,0.11276061536551846,-0.006768115563648492,0.1417726114696256,-0.24021093474788166,False,True,3,3
2330,2024-11-01,2024-12-11,mops_item,True,True,-0.4877962852621039,-0.07296708273040525,0.256260403437647,-0.0773190113503901,0.08435969399646608,-0.013631053052740594,0.013631053052740594,-0.0017314943003366315,0.018960981446172493,0.013719344765255347,0.018960981446172493,0.05976105626461237,0.05792589082481503,0.12469164834076868,0.07329261209200215,-0.02106963305918872,0.005329928393431899,0.07416092387383166,-0.446614096086752,False,True,2,1
2330,2024-12-01,2025-01-13,mops_item,True,True,0.007020936478432322,0.0010508412748748697,0.2926090421558669,0.03634863871821992,0.07152217298865891,0.006232268132087288,0.006232268132087288,0.005964577946103838,-0.0027488412142380285,0.013719344765255347,-0.0027488412142380285,0.005014352934326324,0.022293974799788695,-0.07627656430907358,-0.1498034601426485,-0.09975126574954785,0.0034834269178492597,0.08541513498146802,0.5783145042746294,False,True,3,3
2330,2025-01-01,2025-02-11,mops_item,True,True,1.0814946329258173,0.16187170800488343,0.4560213281320671,0.16341228597620017,0.0013028275110377428,0.004977135166620646,0.004977135166620646,-0.009700846299127708,-0.011153811007536768,0.013719344765255347,-0.011153811007536768,-0.06884600627917824,-0.11993971175649262,-0.1535705766455224,-0.032928243415852265,-0.06785058020183925,-0.006176675840916122,0.031359717642394536,-0.6097017814446324,False,True,5,5
2330,2025-02-01,2025-03-11,mops_item,True,True,-0.18805405056697413,-0.02809153042252649,0.3068720608193338,-0.14914926731273326,-0.050504736003181366,-0.0195797009928944,0.0195797009928944,-0.00590830429680066,0.009999145335279246,0.013719344765255347,0.009999145335279246,-0.008236655351865626,0.037859132468597644,0.1315917863976147,0.10765669863269699,0.15081674173279702,-0.009580555657615154,0.05536875836269228,0.34546416191594764,False,True,2,2
2330,2025-03-01,2025-04-11,mops_item,True,True,0.04769363623349901,0.006809082697749602,0.3586432264001722,0.051771165580838385,0.09373265392901707,-0.0009503078326653334,0.0009503078326653334,0.00035906852774354736,-0.06304145277694331,0.013719344765255347,-0.06304145277694331,-0.07995445033045359,-0.05555003484767698,-0.03492233678598698,0.04853714317830654,0.10791374024324714,-0.06399176060960865,-0.0869700770508981,0.5767799062254295,False,True,3,3
2330,2025-04-01,2025-05-12,mops_item,True,True,0.057170051445584014,0.007915296112198433,0.3817608345627228,0.023117608162550596,0.03927025757109018,-0.011937556853734616,0.011937556853734616,0.028654036588047112,0.006811249474752355,0.013719344765255347,0.006811249474752355,0.015321631008589307,0.005852328361815935,0.08345947996429355,0.14283607702923412,0.16012844837830326,-0.0051263073789822615,-0.24136745106936175,-0.6454975060103011,False,True,3,3
2330,2025-05-01,2025-06-11,mops_item,True,True,0.37086237497486685,0.0436817748467071,0.3927738154407834,0.011012980878060574,0.07760715160247761,0.0167226233432583,0.0167226233432583,0.02836188001045893,-0.017783575276769974,0.013719344765255347,-0.017783575276769974,-0.0030116114365426536,0.021029500268696603,0.03889582414720364,0.04732472191795327,0.04489550259712184,-0.0010609519335116752,-0.07317312444505486,0.3186219216903004,False,True,4,4
2330,2025-06-01,2025-07-11,mops_item,True,True,-0.40763300184957274,-0.04422130330046886,0.33350465550075725,-0.05926915994002613,0.032939695843244306,-0.007258673475808209,0.007258673475808209,0.014625400812373497,0.004319953833710548,0.013719344765255347,0.004319953833710548,0.03023604362943115,0.01856210237925498,0.038600489028973214,-0.010995500493255213,0.06311730712612912,-0.002938719642097661,0.12575458599446865,-0.20501839541117048,False,True,2,2
2330,2025-07-01,2025-08-11,mops_item,True,True,-1.1964045418038693,-0.1314068928277597,0.2379395423403281,-0.09556511316042915,0.020038386649718232,-0.0027101188216690298,0.0027101188216690298,-0.009281536170423297,-0.002961718382764196,0.013719344765255347,-0.002961718382764196,-0.029993117849618597,-0.03835647693586239,-0.05576478216354814,0.015024145441460218,0.03284097706387933,-0.005671837204433226,0.23615923843212894,0.11738664006287573,False,True,1,1
2330,2025-08-01,2025-09-11,mops_item,True,True,-0.8005707761103257,-0.0921342025045509,0.22927180192273866,-0.008667740417589442,0.012851933117909858,0.024823221589036645,0.024823221589036645,0.017721240733294286,-0.012681740334918656,0.013719344765255347,-0.012681740334918656,-0.037753434747119924,-0.030734412947742602,0.057008407561603795,0.028425464023603075,0.021904981437664738,0.01214148125411799,0.18824745823371725,0.04942651022567681,False,True,1,1
2330,2025-09-01,2025-10-13,mops_item,True,True,0.20899912593511702,0.02460570572742543,0.29151103898203345,0.062239237059294794,0.032926402681768524,-0.0021007928419656055,0.0021007928419656055,0.012921035728068969,0.037063733620544784,0.013719344765255347,0.037063733620544784,0.03014872219223672,-0.01716589740477524,0.0056105734550709295,-0.022580661211918034,-0.012880378546498341,0.03496294077857918,0.21508965653242207,0.7113611060823736,False,True,3,3
2330,2025-10-01,2025-11-11,mops_item,True,True,0.17464812060285334,0.020229400489364224,0.2731368615710643,-0.01837417741096914,0.01736582327197627,-0.003675541203749527,0.003675541203749527,0.002289525922504693,0.0028702166274731204,0.013719344765255347,0.0028702166274731204,0.004759350346479502,0.009427297169081738,-0.02819123466698896,-0.018490952001569295,-0.07111826692165121,-0.0008053245762764064,0.26940945496149205,-0.434343327675477,False,True,3,3
2330,2025-11-01,2025-12-11,mops_item,True,True,-0.9412388068497081,-0.10814602732447182,0.156493873500807,-0.1166429880702573,-0.018498380223701528,-0.0181801426298666,0.0181801426298666,0.024540968708523746,-0.003134998723779779,0.013719344765255347,-0.003134998723779779,-0.007976208169747291,0.022557764599709738,-0.022128229893464503,-0.015061808111368105,-0.09996864438420608,-0.02131514135364638,0.22022314407692178,-0.1691343264148157,False,True,1,1
2330,2025-12-01,2026-01-12,mops_item,True,True,-0.1991545802260298,-0.021474518642432855,0.21890607270886875,0.062412199208061736,-0.00266141944342428,-0.03606345890419178,0.03606345890419178,0.01059577242396474,-0.0005999413012333192,0.013719344765255347,-0.0005999413012333192,-0.056480980117508954,-0.06749901308184884,0.007066421782096427,-0.07784041449074156,-0.011350893498715545,-0.03666340020542509,0.1278289542592086,0.22332267175950618,False,True,2,2
2330,2026-01-01,2026-02-11,mops_item,True,True,-0.2809015799940199,-0.03024541087983343,0.18593352504707994,-0.03297254766178881,0.0842873813324952,0.002917370990641861,0.002917370990641861,0.03010727477578492,-0.03885168103602619,0.013719344765255347,-0.03885168103602619,-0.05844665566522238,-0.02833509006271062,-0.0955638802139592,-0.07529681283046488,-0.10696523535667604,-0.035934310045384325,0.17448270283162515,0.12150212879415591,False,True,2,2
2330,2026-02-01,2026-03-11,mops_item,True,True,1.1828779240066702,0.12633110636759426,0.3134422634531795,0.12750873840609955,0.007012773575414393,-0.005655786008772458,0.005655786008772458,-0.0035038173979011766,-0.02511390097048543,0.013719344765255347,-0.02511390097048543,-0.06623618461077838,-0.04494614654275653,-0.0003328478845613554,-0.021247572944372586,-0.16404357589784951,-0.030769686979257888,0.3051510633038097,0.006639230138081303,False,True,5,5
2330,2026-03-01,2026-04-13,mops_item,True,True,-0.3617598152326805,-0.039171782275438716,0.20025550479427068,-0.11318675865890881,0.044613298658195175,-0.010396431120293072,0.010396431120293072,0.017563337304576508,0.02271376580571491,0.013719344765255347,0.02271376580571491,-0.0032179885730000673,0.100691706907242,-0.01852835204291139,-0.1821592985131744,-0.1453789580595945,0.012317334685421837,0.258067599682569,-0.415697273791557,False,True,2,2
2330,2026-04-01,2026-05-11,mops_item,True,True,1.3171878306362985,0.1396890524083704,0.3728994835065471,0.17264397871227644,0.006686329188958728,-0.05526065255307046,0.05526065255307046,0.01536529850903504,-0.008010058103393222,0.013719344765255347,-0.008010058103393222,-0.013987716471919282,-0.12922217300520636,-0.14279600295347689,-0.13639383083706422,-0.06411244605341498,-0.06327071065646368,0.21090217298124525,0.145713226777963,False,True,5,5
2330,2026-05-01,2026-06-11,mops_item,True,True,-1.3991034032824596,-0.13430331325453676,0.1612291039967957,-0.21167037950975143,0.0019162482970995348,-0.015101956640259867,0.015101956640259867,0.029983782306794445,-0.0016906234987606114,0.013719344765255347,-0.0016906234987606114,-0.0545441259599228,-0.028586995124639622,0.028503041418016743,0.0555309079856848,0.0627855298869868,-0.016792580139020477,0.14552784446366918,0.17467089821918502,False,True,1,1
2337,2025-07-01,2025-08-08,cnyes_list,False,,-0.4496733022271893,-0.05859885915159306,0.010569507134160716,-0.038269881780266246,-0.10655166329541632,0.03724566442607408,0.03724566442607408,-0.0031844146523281364,-0.00989700045939928,0.020852128993064763,-0.00989700045939928,0.007114946451246761,0.01641416387232977,0.020230252266948065,0.17988688638118805,0.40455295584978934,0.027348663966674798,-0.03883983331626384,0.6666609407564409,False,True,2,2
2337,2025-12-01,2026-01-08,cnyes_item,True,True,1.1518719873809866,0.13544747700381282,0.2201367047325462,0.003279876050264363,0.2578577040996167,0.1203836602075675,0.1203836602075675,0.06478644845060048,-0.07232077281738761,0.020852128993064763,-0.07232077281738761,-0.0901052891672375,0.03569928220733161,0.24211702661364848,0.560129258557071,0.5808074230387015,0.04806288739017989,0.37574429897474193,1.5315192632204608,True,True,5,5
2337,2026-01-01,2026-02-09,cnyes_item,True,True,1.6453603783547688,0.1954392794611266,0.37111755024371007,0.15098084551116386,0.19496500773804917,0.08354987275346698,0.08354987275346698,-0.06787853125588891,0.0026979672671979035,0.020852128993064763,0.0026979672671979035,0.11413901458759185,0.15405312380220704,0.48747557499430616,0.18284952518475572,0.2654437521435905,0.08624784002066488,0.5877866649021186,-0.30640087699660135,True,True,5,5
2337,2026-02-01,2026-03-09,cnyes_item,True,True,1.2042552070649566,0.14542533217038195,0.41479569338989464,0.04367814314618457,0.09866392308124414,-0.05337362414738609,0.05337362414738609,-0.05269123345376501,-0.04463784924079807,0.020852128993064763,-0.04463784924079807,0.18713311430161628,0.4265164361505517,0.403673130242287,0.3552021575499397,0.02445224479357478,-0.09801147338818417,0.8564542356731897,-1.7483845991040046,True,True,5,5
2337,2026-03-01,2026-04-08,cnyes_item,True,True,1.2037510283218165,0.13452777783880876,0.46987776062752573,0.055082067237631094,-0.10271266300873645,0.04470996248882921,0.04470996248882921,0.0515042484013231,-0.06434227261100504,0.020852128993064763,-0.06434227261100504,-0.09081316802945402,-0.19058399678162,-0.04847097269234732,-0.3792208854487123,-0.47552285424633095,-0.019632310122175832,1.4349595331011713,-2.010937884622655,True,True,5,5
2337,2026-04-01,2026-05-08,cnyes_item,True,True,2.292254770690985,0.25670656491952926,0.6753035663399061,0.20542580571238034,0.14211302408927262,-0.05131058112760893,0.05131058112760893,-0.0669710024978326,0.01365215125873612,0.020852128993064763,0.01365215125873612,0.02729938576062649,-0.15879029737798403,-0.2888775140234558,-0.36990416850685615,-0.40666917976174555,-0.037658429868872814,0.805554357500732,0.5282205533838643,False,True,5,5
2337,2026-05-01,2026-06-09,cnyes_item,True,True,3.533536718308226,0.41104054622423314,0.9310328863433419,0.25572932000343584,-0.07035754593622874,-0.018920257513103417,0.018920257513103417,0.021524049182272367,-0.025394610403419345,0.020852128993064763,-0.025394610403419345,0.10957262251638733,0.08423031578494516,-0.087718312090034,-0.07099857812935645,-0.17840218527787943,-0.04431486791652276,0.2953617591260089,-2.105823570367282,False,True,5,5
2344,2023-09-01,2023-10-11,news_item,True,True,0.7134889686519075,0.11227322987774596,-0.14170954216734444,0.015628668762591502,0.04366241717343185,0.023848528590801124,0.023848528590801124,0.028470682208095916,0.016304213188485447,0.02077246338844625,0.016304213188485447,-0.057470145884267285,-0.06791727056433094,-0.091274290893293,-0.0777552533486547,-0.06007884115068366,0.04015274177928657,0.010494140021277687,1.397671989662966,False,True,4,4
2344,2025-10-01,2025-11-11,cnyes_item,True,True,1.4451465416189957,0.11455482884445682,0.09097358792368837,0.08883469746793082,0.25869921329513024,0.013207539632625664,0.013207539632625664,0.09108233067878288,0.000608910456817738,0.02077246338844625,0.000608910456817738,-0.003016905008613284,-0.07437167507939914,0.0659446369222802,0.3754777327278098,0.21488322411545396,0.013816450089443402,1.0733913553214491,-2.106903964999701,False,True,5,5
2344,2025-11-01,2025-12-08,cnyes_item,True,True,3.493448805591558,0.27997730786332536,0.2992512696006884,0.208277681677,0.0961126055370431,0.078410950521352,0.078410950521352,0.061288203003887536,0.042315196485607505,0.02077246338844625,0.042315196485607505,0.042770369860317466,0.06841409166977999,0.31066556806773044,0.2181998486945112,0.2636790828387876,0.1207261470069595,1.0427295277615305,1.07499097448712,True,True,5,5
2344,2025-12-01,2026-01-12,cnyes_item,True,True,2.09325104750134,0.19634635645161916,0.32713427244499726,0.02788300284430889,0.12671417898487372,0.0016923747593640334,0.0016923747593640334,-0.09484264015232,-0.035695910686173296,0.02077246338844625,-0.035695910686173296,0.040048380383448316,0.00011527859758014847,-0.01262939595124249,0.011366088880354702,-0.3803989737171369,-0.03400353592680926,0.8339515028991311,-1.7386133174789196,False,True,5,5
2344,2026-01-01,2026-02-09,cnyes_item,True,True,1.8740887258938264,0.18827467267125778,0.4273943826610491,0.10026011021605186,-0.019704782224107226,0.08371380426587824,0.08371380426587824,-0.028898956997720958,-0.04632154601738522,0.02077246338844625,-0.04632154601738522,0.006926706646535431,-0.002865249886641559,0.0239954848315972,-0.3677695777658944,-0.1415069366839084,0.037392258248493015,0.6457436042432998,-0.1343904258340081,True,True,5,5
2344,2026-02-01,2026-03-09,cnyes_item,True,True,2.9500245660781785,0.3122574624120702,0.6635174373143151,0.236123054653266,-0.012085112292868828,0.0007754028208857497,0.0007754028208857497,-0.055541408423612486,0.01921496743514186,0.02077246338844625,0.01921496743514186,0.07524170738121723,-0.005435000778410186,-0.15597679530767797,-0.11689058157987611,0.07909224904822704,0.01999037025602761,0.5402397699031338,0.07890970668290596,False,True,5,5
2344,2026-03-01,2026-04-09,cnyes_item,True,True,1.4638233088822592,0.16098698375893505,0.6336690145657222,-0.029848422748592895,-0.15054179452926778,-0.05859758043131252,0.05859758043131252,0.01621239627759554,0.022105753288006257,0.02077246338844625,0.022105753288006257,-0.05818527015504969,-0.05699715701841221,0.05589002222465225,0.2213358239072476,0.3067932101290538,-0.03649182714330626,0.41340329506673257,-0.3567304516133393,False,True,5,5
2344,2026-04-01,2026-05-11,cnyes_item,True,True,0.6642422599172483,0.07482170507770769,0.6496819832580698,0.016012968692347584,0.11288717924306446,0.06801944492539129,0.06801944492539129,-0.0417937719344621,0.017673801901833028,0.02077246338844625,0.017673801901833028,0.09338074041638837,-0.07017045064753835,0.11231859229356662,0.17953357272704648,0.23643793124142087,0.08569324682722432,-0.11685423188776678,0.008372504130151283,True,True,4,4
2344,2026-05-01,2026-06-08,cnyes_item,True,True,3.4745422438228526,0.38857215939003,1.0375283044360657,0.3878463211779959,0.1374902844129403,0.014892235536362555,0.014892235536362555,-0.0723308008799699,-0.01655506698772833,0.02077246338844625,-0.01655506698772833,0.15034885561039957,0.2159338779504217,0.06721498043347984,0.12411933894785422,0.1489975893682441,-0.0016628314513657746,0.08860391713606752,-0.18280981512708772,False,True,5,5
2352,2023-08-01,2023-09-06,mops_item,True,True,-0.6921714929451602,-0.06401474264815477,-0.24847554292207263,-0.021358203935925246,-0.005261854972573729,-0.010785121347718384,0.010785121347718384,0.0016332071315698603,0.0029711812277245456,0.013508345493672004,0.0029711812277245456,0.035579946171153023,-0.004159024596381436,0.005700688490329219,0.026154987143816276,-0.04314515161244421,-0.007813940119993838,0.17511935983047122,-0.6859078006598578,False,True,1,1
2352,2023-09-01,2023-10-05,mops_item,True,True,0.12692827551915797,0.011664047049949972,-0.18976348840119073,0.05871205452088191,0.006560191203403086,-0.010054581935548994,0.010054581935548994,-0.0005934254302195109,0.008497211803589807,0.013508345493672004,0.008497211803589807,0.03228181469612593,0.03548398682774022,0.020454298653487066,-0.04884584010277341,-0.05816232222982361,-0.0015573701319591873,0.012311931951985766,-1.083617726653275,False,True,3,3
2352,2023-10-01,2023-11-06,mops_item,True,True,1.742441530660584,0.13804176060636544,-0.08374369616343813,0.1060197922377526,-0.03365141332963017,0.010737035233808132,0.010737035233808132,-0.0013743258235954028,0.021991608142650925,0.013508345493672004,0.021991608142650925,-0.009798255769811606,-0.05133847381214836,-0.06930013875626051,-0.07861662088331067,-0.07546675502950348,0.03272864337645906,-0.15335632756489437,-0.3383805028382675,False,True,5,5
2352,2023-11-01,2023-12-06,mops_item,True,True,0.8653333557919054,0.07170407147830815,-0.10229017101725901,-0.018546474853820882,0.007530976192180485,0.002022220327708226,0.002022220327708226,0.00035055192831440554,0.004880093565523304,0.013508345493672004,0.004880093565523304,-0.017699160565003973,-0.044773636018724236,0.01373330877441609,0.006903308864773028,-0.11580824305241574,0.00690231389323153,-0.04950394262569047,-0.5447340083961651,False,True,4,4
2352,2023-12-01,2024-01-05,mops_item,True,True,0.16122768416118832,0.013604813158137802,-0.11166097203582481,-0.0093708010185658,0.05850694479314032,0.0044517972035549615,0.0044517972035549615,0.04195432604006576,-0.0022899902644063232,0.013508345493672004,-0.0022899902644063232,-0.01604808089179305,-0.03443556881526161,-0.003807283529175493,-0.13788328806618402,-0.19543453583236736,0.0021618069391486383,-0.022497177579875682,1.0264310751196073,False,True,3,3
2352,2024-01-01,2024-02-15,mops_item,True,True,0.3086993681354464,0.026061118748501144,-0.07317049432367284,0.03849047771215197,0.015716640958390836,-0.003267142552251848,0.003267142552251848,0.0004522038307871192,-0.005783945490020488,0.013508345493672004,-0.005783945490020488,-0.029967103874734734,-0.01885558157153653,-0.1510225325513823,-0.17848042458296914,-0.22905566693446422,-0.009051088042272337,0.08884695836149614,-0.11271335368714043,False,True,3,4
2352,2024-02-01,2024-03-06,mops_item,True,True,1.5706091025873257,0.1289240177931923,0.0332168053342734,0.10638729965794624,-0.023963730483520372,-0.053110317405374474,0.053110317405374474,0.0068662759985432965,-0.012941846722475865,0.013508345493672004,-0.012941846722475865,-0.0434218293001738,-0.06611944275691294,-0.07192074505274382,-0.10443564942184522,-0.148916719661787,-0.06605216412785034,0.05795567882810948,0.944434572603216,False,True,5,5
2352,2024-03-01,2024-04-08,mops_item,True,True,-0.8373767603882583,-0.07128282903182045,-0.12182104937356186,-0.15503785470783527,-0.005801302295830892,-0.005286414954923827,0.005286414954923827,0.009117705286900828,-0.012521902596412875,0.013508345493672004,-0.012521902596412875,-0.015149089084610774,0.031329804052807275,-0.023801722358074,-0.06440290830314849,-0.1426814989007586,-0.017808317551336703,-0.028491816942287418,-0.8396333703248621,False,True,1,1
2352,2024-04-01,2024-05-07,mops_item,True,True,-0.8824319848782304,-0.07330943582240934,-0.1272343486100631,-0.0054132992365012456,-0.022350354748135674,0.0034267670561035687,0.0034267670561035687,-0.028200274511731106,-0.02915370569157817,0.013508345493672004,-0.02915370569157817,-0.023880500040977994,-0.04505378031834005,-0.04060118594507448,-0.11887977654268457,-0.15578592323709203,-0.0257269386354746,-0.1164098772287554,-0.11443907428524665,False,True,1,1
2352,2024-05-01,2024-06-06,mops_item,True,True,0.8320235579865238,0.06942776634362129,-0.0025184312061625747,0.12471591740390053,0.003126006064061491,-0.014563803380301256,0.014563803380301256,-0.012162376150578098,-0.009838361074811239,0.013508345493672004,-0.009838361074811239,-0.04180439582852934,-0.06821264831832333,-0.07144193811053919,-0.0940317281839532,-0.02953503620543997,-0.024402164455112493,-0.1605266204051783,-0.49257111040336987,False,True,4,4
2352,2024-06-01,2024-07-04,mops_item,True,True,0.4688366318262355,0.03991276667550399,-0.04394517638775852,-0.04142674518159595,0.01750820701327123,-0.005401251616990661,0.005401251616990661,-0.03340086871902165,-0.014488275426817769,0.013508345493672004,-0.014488275426817769,-0.05916917056736972,-0.027259209628834408,-0.04737510391945482,0.027495508056579205,0.06720693432981173,-0.01988952704380843,-0.15169502820118685,0.55337195102161,False,True,4,4
2352,2024-07-01,2024-08-06,mops_item,True,True,-0.27283056374274905,-0.023015157388312467,-0.08091447612297387,-0.036969299735215344,-0.020115894290620412,0.010297038419223041,0.010297038419223041,-0.01587020884203806,-0.0026365534625826317,0.013508345493672004,-0.0026365534625826317,-0.02011251157432145,0.0006240400712072269,0.06449669197851322,0.11724092829963505,0.08184850229694846,0.00766048495664041,-0.0582218991626795,-0.1531164988486075,False,True,2,2
2352,2024-08-01,2024-09-05,mops_item,True,True,0.7850488763615047,0.06598571244676421,0.023526351207799223,0.10444082733077309,0.07715470678997335,-0.006483080854510881,0.006483080854510881,0.02603867246307586,0.006987920564985418,0.013508345493672004,0.006987920564985418,-0.001603320593524693,0.013677215290604734,0.0415690701802323,0.0022777172367693804,0.05076988397435979,0.0005048397104745368,-0.08410429911974493,-0.09970083614882913,False,True,4,4
2352,2024-09-01,2024-10-04,mops_item,True,True,0.6619705548897091,0.056656052157587546,0.022878285056609826,-0.000648066151189397,0.015861649290991788,0.012955928469591534,0.012955928469591534,-0.0014861346320648014,0.0016210412547518786,0.013508345493672004,0.0016210412547518786,-0.009789238283518829,-0.00414779953765272,-0.03539242600268659,0.026178996659885878,-0.04836254680899412,0.014576969724343414,-0.0008771352212444405,-0.3731279031341198,False,True,4,4
2352,2024-10-01,2024-11-06,mops_item,True,True,-0.08229090045615371,-0.007126635143809068,-0.018629915096664007,-0.04150820015327383,-0.031244626465033867,0.009077656691787553,0.009077656691787553,-0.01592233474674252,-0.004596158164888436,0.013508345493672004,-0.004596158164888436,0.0018485948581407952,0.028356038491081776,0.047565919977301516,-0.012443475887311675,0.07101888993288877,0.004481498526899117,0.03226038330500991,-0.30862717718624183,False,True,2,2
2352,2024-11-01,2024-12-05,mops_item,True,True,0.5418911170932114,0.04297976608640989,0.05223800647565824,0.07086792157232225,0.019209881486219733,-0.0036699114045995436,0.0036699114045995436,-0.004927845993483403,0.00039898905208257673,0.013508345493672004,0.00039898905208257673,-0.019459579212101685,-0.037697894323143064,-0.06714296545748921,0.013853989684024074,-0.10601237372429881,-0.003270922352516967,0.04574622795310823,-0.006003884900263223,False,True,4,4
2352,2024-12-01,2025-01-07,mops_item,True,True,-0.19263389227930858,-0.015238305048609863,0.003590487096591488,-0.04864751937906675,-0.025044575975215283,0.021380740257299614,0.021380740257299614,-0.008769505012335152,0.007627598276570991,0.013508345493672004,0.007627598276570991,0.014947815328110861,0.036018004244619234,0.0442348756709377,-0.05224363925400935,-0.07770952726853153,0.029008338533870606,-0.09263326203538202,-0.2265910269167825,False,True,2,2
2352,2025-01-01,2025-02-06,mops_item,True,True,1.424600040905507,0.10858934188670588,0.12098886804523445,0.11739838094864297,0.0610072522846303,0.011082771967423672,0.011082771967423672,-0.010001810837485123,-0.004849704681512991,0.013508345493672004,-0.004849704681512991,-0.03913199891637848,-0.07329178113017622,-0.08119757904787295,-0.1684193729728235,-0.1944166218495022,0.0062330672859106815,-0.17217871202813972,0.009575639694825562,False,True,5,5
2352,2025-02-01,2025-03-06,mops_item,True,True,-0.6516454258694345,-0.046063361776205625,0.012875758762955769,-0.10811310928227869,0.07712498022232381,-0.06799072639788532,0.06799072639788532,0.0023832539870869626,-0.022013229695441276,0.013508345493672004,-0.022013229695441276,-0.07664450837965232,-0.07762034873906384,-0.09108840071188799,-0.14643181367259633,-0.15946949635309848,-0.09000395609332659,-0.0366233334022561,2.5699860664684233,False,True,1,1
2352,2025-03-01,2025-04-08,mops_item,True,True,1.040023287579157,0.06309812687762198,0.10891649817921589,0.09604073941626012,-0.01346805197282417,-0.018146622908503857,0.018146622908503857,0.0007260860628351823,-0.01839078692780738,0.013508345493672004,-0.01839078692780738,0.007342971116975822,-0.01733559435314885,-0.025997248876678695,-0.031798111832730576,-0.05469353789008426,-0.036537409836311235,-0.10193307619099334,0.8737942249371193,True,True,5,5
2352,2025-04-01,2025-05-07,mops_item,True,True,-0.35061737150924227,-0.02133953992628672,0.05958750173618199,-0.0493289964430339,-0.024226619790095043,0.01119954117552579,0.01119954117552579,-0.0037382905935773574,-0.0039044185067395407,0.013508345493672004,-0.0039044185067395407,-0.018376626596731824,-0.008375953330861132,-0.005800862956051887,-0.028696289013405568,-0.023396900238690423,0.00729512266878625,-0.257098156190247,-0.4840963080955577,False,True,2,2
2352,2025-05-01,2025-06-05,mops_item,True,True,0.12479675288691414,0.007673485324852201,0.06813340488430342,0.008545903148121425,-0.013324983716240276,0.018436360899976023,0.018436360899976023,-0.00993422569738191,0.002333258602346661,0.013508345493672004,0.002333258602346661,0.02855841744442305,-0.010527654433221017,-0.022895426057353677,-0.017596037282638533,0.15443137162288237,0.020769619502322683,-0.24783641702303205,0.5031004011323863,False,True,3,3
2352,2025-06-01,2025-07-04,mops_item,True,True,-0.20918410120829956,-0.01280399005977155,0.06607514487346222,-0.0020582600108411953,-0.01236777162413266,0.01848166226644537,0.01848166226644537,-0.001789789784285397,-0.01855033792218296,0.013508345493672004,-0.01855033792218296,-0.01252546645081639,-0.006090884150855052,0.004312521208030436,0.14079067858600858,,-6.867565573758991e-05,-0.20894550006003287,0.10657079073709941,False,True,2,2
2352,2025-07-01,2025-08-06,mops_item,True,True,0.1578897103471455,0.009707540899677028,0.07430622473099291,0.008231079857530688,0.040586921780753585,0.020040926297750804,0.020040926297750804,0.004339709250590499,-0.008955306975851028,0.013508345493672004,-0.008955306975851028,-0.015707144682177043,-0.01988071531783638,0.12545501252655655,,,0.011085619321899776,0.02502503281481605,0.3566262172787616,False,True,3,3
2352,2025-10-01,2025-11-06,mops_item,True,True,-0.2691131307588707,-0.016069222206026502,0.03172364643014092,0.032647691856453775,-0.04821573869424317,-0.004597711552458311,0.004597711552458311,-0.010696705874612284,-0.005344583567240142,0.013508345493672004,-0.005344583567240142,-0.07896809497176369,-0.06889044815035736,-0.07126225316251923,-0.39626208722467626,-0.45229560732862717,-0.009942295119698453,0.013824551193154289,-0.5335289215584171,False,True,2,2
2352,2025-11-01,2025-12-04,mops_item,True,True,-1.5730951045572368,-0.08595049354474207,-0.052351817675525325,-0.08407546410566624,-0.007661700684989191,-0.004358614214276635,0.004358614214276635,0.003320602509186492,-0.03118843701755128,0.013508345493672004,-0.03118843701755128,-0.0808001216956655,-0.14966088838904124,-0.32499983406215693,-0.38103335416610795,-0.5141875433366042,-0.035547051231827914,-0.1880767935518728,-0.5801497742763628,False,True,1,1
2352,2025-12-01,2026-01-08,mops_item,True,True,-0.7993168726999128,-0.045472797421579024,-0.05265686964547811,-0.0003050519699527854,-0.16384085508332313,0.00026157373593510905,0.00026157373593510905,-0.003948912296967526,0.013702610057827974,0.013508345493672004,0.013702610057827974,-0.011795375305618095,-0.05390381487926211,-0.04825458263178434,-0.17903235419048036,-0.19280074608630884,0.013964183793763083,-0.3468575528331286,0.0989540905528654,False,True,1,1
2352,2026-01-01,2026-02-05,mops_item,True,True,0.5708940825418203,0.03305568886982968,0.00862734190620884,0.06128421155168695,-0.006125810091283643,0.01615763797144934,0.01615763797144934,-0.008986003263497452,0.007727937699468192,0.013508345493672004,0.007727937699468192,-0.02823266565684671,-0.09472535800286365,-0.13077777155869597,-0.14454616345452448,-0.25376013304307743,0.023885575670917533,-0.25701944000440546,-0.41774957329887785,False,True,4,4
2352,2026-02-01,2026-03-05,mops_item,True,True,1.6643120508483198,0.09657559788126471,0.06444848274299986,0.05582114083679102,-0.10020368319085166,-0.016397026759707535,0.016397026759707535,0.0022496125114801896,-0.0028982731468176555,0.013508345493672004,-0.0028982731468176555,-0.027824069586112207,-0.03861459570770833,-0.009213594305292536,-0.11283725084541586,-0.19403332433302828,-0.01929529990652519,-0.14123609388429648,-0.32102465942397623,False,True,5,5
2352,2026-03-01,2026-04-08,mops_item,True,True,-1.5001116867234143,-0.08303995673832294,-0.07623363840374608,-0.14068212114674594,0.014923409497915579,-0.02719193654907985,0.02719193654907985,-0.01207744390678044,0.016841637892131285,0.013508345493672004,0.016841637892131285,0.005291420453800379,0.015873219798030577,-0.08518178493746915,-0.043021681325608935,-0.10587654252926931,-0.010350298656948566,-0.10350566018696883,-0.21682866847764837,False,True,1,1
2352,2026-04-01,2026-05-07,mops_item,True,True,1.773530019119788,0.09949799781908197,0.09844539323423618,0.17467903163798226,-0.04859774737029475,-0.046983912699171626,0.046983912699171626,0.026156403845965504,0.009833754979929988,0.013508345493672004,0.009833754979929988,-0.013791820017561417,0.028573625092370672,0.0421601036118602,-0.020694757591800186,0.07295276401079388,-0.03715015771924164,0.041794670602060435,0.7063681954495561,False,True,5,5
2352,2026-05-01,2026-06-05,mops_item,True,True,-0.830365390534698,-0.04720254634050865,-0.018315800482678668,-0.11676119371691485,0.013586478519489527,-0.06595389248498604,0.06595389248498604,0.027745957424323613,0.03366995330760564,0.013508345493672004,0.03366995330760564,0.039216683408721795,-0.06963109130362376,0.09341595048340971,0.07376110182750348,-0.005949789999518224,-0.0322839391773804,0.07044039520965173,1.4096545831176042,False,True,1,1
2353,2023-11-01,2023-12-12,news_item,True,True,0.18921302586479324,0.030717855675643335,0.06963353549460294,0.03692313540020109,-0.010745557660048026,0.00675961621442369,0.00675961621442369,0.017161164708612626,0.012046247619748655,0.014301902242350922,0.012046247619748655,0.113595196331581,0.2836825434064409,0.24938526641145567,0.23001958652231055,0.13375362411590996,0.018805863834172345,-0.03352276218021988,-0.2043936378136678,False,True,3,3
2353,2023-12-01,2024-01-09,news_item,True,True,0.02851004511816045,0.004611738938208987,0.06172840823495562,-0.007905127259647315,0.06226022808134421,-0.0019922827731738008,0.0019922827731738008,0.0042597797246385505,-0.00531970375149252,0.014301902242350922,-0.00531970375149252,-0.04038391448631307,-0.05249502233858799,-0.06554211102565681,-0.10249156674220711,-0.09141056429086514,-0.007311986524666321,0.21736664558882746,0.7523694002347456,False,True,3,3
2353,2024-04-01,2024-05-13,cnyes_item,True,True,0.309062933963389,0.049840043128719216,0.1293613148535968,0.03594350347021802,0.06661574389982076,-0.001366562809322405,0.001366562809322405,0.006840690284791612,0.015536504104177591,0.014301902242350922,0.015536504104177591,-0.014070817163270313,0.15804835707019416,0.0010900966897701148,-0.11800454309054467,-0.04500509099459853,0.014169941294855187,-0.013423054067514872,-0.7491664060760285,False,True,3,4
2353,2024-06-01,2024-07-10,news_item,True,True,-0.024934999616716823,-0.0036200385222677767,0.15568951873573056,-0.09946002680128885,-0.06570965818898039,0.01677229032930687,0.01677229032930687,-0.016386551802659396,0.0016502392149976355,0.014301902242350922,0.0016502392149976355,-0.014614382471664106,0.032127410863170426,0.020114108615091816,0.01755949383878183,-0.046671027972416006,0.018422529544304504,0.042518309646477626,0.470585876208048,False,True,3,3
2353,2024-07-01,2024-08-09,cnyes_item,True,True,-0.7770952513048818,-0.11125610328453206,0.06881068975758353,-0.08687882897814703,0.026915676506143228,-0.03611305315154745,0.03611305315154745,0.009766727000790579,-0.016130704704463438,0.014301902242350922,-0.016130704704463438,-0.04250714540901257,-0.04050614386861469,-0.0025546147763099714,-0.06678513658750779,-0.0859016326847157,-0.05224375785601089,0.06488613035079327,0.04369657799616595,False,True,1,1
2353,2024-08-01,2024-09-10,news_item,True,True,0.8336885578969363,0.12020509599370044,0.28008834733714494,0.2112776575795614,-0.007092698013026253,0.0012660622007320162,0.0012660622007320162,-0.0057738187079721965,-0.01567993470651481,0.014301902242350922,-0.01567993470651481,-0.026940588388310618,-0.02483870383392843,-0.04674202550086366,-0.09962958141329648,-0.06332172568549231,-0.014413872505782795,-0.14834804404081758,-0.3442468899561319,False,True,4,4
2353,2024-09-01,2024-10-11,news_item,True,True,-0.9004378055007601,-0.1171680857762567,0.05102809950056297,-0.22906024783658196,-0.0360974378704173,0.023533873703953444,0.023533873703953444,-0.0026138498112791325,-0.010553133900859461,0.014301902242350922,-0.010553133900859461,1.723173003548642e-05,-0.01846495743549639,-0.0555124106593751,-0.021848075995315727,-0.0107347679729616,0.012980739803093983,-0.10440223413205318,0.3119894445843631,False,True,1,1
2353,2024-11-01,2024-12-10,news_item,True,True,-0.8776584914463822,-0.116746980712873,-0.02789591747001552,0.036667339639119945,0.0632885388317008,-0.005284758090172375,0.005284758090172375,0.03232011514158571,-0.003215590121339677,0.014301902242350922,-0.003215590121339677,-0.03710714632762381,0.00526594803364804,0.019112238931188436,0.06407373094258906,0.040811831671574546,-0.008500348211512052,-0.161993086665571,0.16514786522047145,False,True,1,1
2353,2025-02-01,2025-03-11,news_item,True,True,-0.43716001164411356,-0.054020148496157105,-0.010326908995157424,-0.04597175867188952,-0.028384212439476322,0.02569655714187924,0.02569655714187924,-0.012390242586752047,-0.016422569879038944,0.014301902242350922,-0.016422569879038944,0.009876484173071904,-0.0024791317904456194,-0.014415937448185409,0.005099351403761276,0.05657246936309231,0.009273987262840296,0.06371447231769833,0.19271246212853455,False,True,2,2
2353,2025-04-01,2025-05-13,news_item,True,True,0.3216736536407237,0.03551806751823605,0.06319996877034484,0.005472205695593146,-0.0033946328976035556,-0.009275932468366412,0.009275932468366412,-0.005484047921591226,0.0008824209662889361,0.014301902242350922,0.0008824209662889361,0.03290652039391363,0.011471755226023464,0.04768990143758826,-0.09877523536919372,-0.04217884159978709,-0.008393511502077476,-0.13372082690731757,-0.6112518493671967,False,True,3,4
2353,2025-05-01,2025-06-10,news_item,True,True,0.03808793548852383,0.003977764378381231,0.04084470532836093,-0.022355263441983908,0.06009184855008492,-0.013966106744289341,0.013966106744289341,0.009913954618176452,-0.004577090167411083,0.014301902242350922,-0.004577090167411083,-0.017727275841018943,-0.08047876943041876,-0.15359736949044475,-0.09350658342516163,-0.24187715112300492,-0.018543196911700425,-0.12675096928841745,-0.11028402325750436,False,True,3,3
2353,2025-06-01,2025-07-10,news_item,True,True,-1.459996770223743,-0.15137447471772583,-0.09745032899324002,-0.13829503432160095,-0.058081685876550444,-0.00023799078795317362,0.00023799078795317362,0.002555142516251689,0.0154983211006414,0.014301902242350922,0.0154983211006414,0.013532258358164115,0.035317931691783024,0.04053176837689837,0.021736901266849778,-0.17414652871053724,0.015260330312688227,-0.13996276345041547,0.11843142184305645,False,True,1,1
2353,2025-07-01,2025-08-11,news_item,True,True,0.1401651435356097,0.015106144262213425,0.017304259297368674,0.1147545882906087,-0.06096438322094867,-0.019295795254361467,0.019295795254361467,-0.0538025696886356,-0.009965876418687786,0.014301902242350922,-0.009965876418687786,-0.054717919356001676,-0.02938964580787835,0.010247211951193283,-0.17048871171130403,-0.1871330964043064,-0.02926167167304925,-0.040381473166823056,-0.16870701482579523,False,True,3,3
2353,2025-08-01,2025-09-09,news_item,True,True,-0.44894651784650574,-0.04788030333444956,-0.060980758123619694,-0.07828501742098837,0.039636857759071636,-0.016632735192330026,0.016632735192330026,-0.05691840757076973,-0.00884988943937123,0.014301902242350922,-0.00884988943937123,-0.042113106091612736,-0.09289676408384177,-0.1781806186005986,-0.19959980828081134,-0.3428292390712046,-0.025482624631701256,-0.09047783597340375,0.8655353302862502,False,True,2,2
2353,2025-09-01,2025-10-13,news_item,True,True,0.014700097534169404,0.001399766500099986,-0.04564250943973036,0.015338248683889333,-0.08528385451675685,0.02489767301653467,0.02489767301653467,-0.01407743013043131,0.015762935709761283,0.014301902242350922,0.015762935709761283,0.02226693631757601,-0.04001320526371612,-0.0516715354728053,-0.1944009885368836,-0.34151160436222944,0.040660608726295955,0.04088790113309537,-0.028333061750883404,False,True,3,3
2353,2025-10-01,2025-11-10,news_item,True,True,1.6709577195817948,0.14523212257996576,0.11545911982463863,0.161101629264369,-0.02994104814911814,-0.018852235117641697,0.018852235117641697,-0.011915838296667253,-0.005354672776057895,0.014301902242350922,-0.005354672776057895,-0.018519514729430996,-0.018548308779776763,-0.14322943079039327,-0.28951619119113536,-0.4053026813764662,-0.024206907893699593,-0.04256016974651278,-0.14353607711332328,False,True,5,5
2353,2025-11-01,2025-12-05,news_item,True,False,1.2883525125582536,0.1176655455200984,0.1206108296071946,0.005151709782555969,-0.06447198311539665,-0.025917255882937928,0.025917255882937928,-0.011933765990764608,-0.03361689896617576,0.014301902242350922,-0.03361689896617576,-0.04656224647103501,-0.049443054690595636,-0.17915252877377527,-0.29364189074816444,-0.303894313300787,-0.05953415484911369,-0.051736689970122374,0.5731713132723385,False,True,5,5
2353,2025-12-01,2026-01-12,news_item,True,True,0.1567010746052506,0.014778538409604636,0.0782543517403056,-0.04235647786688901,-0.08402607633196121,-0.018642834390629484,0.018642834390629484,0.009729885407185668,-0.032551927973191196,0.014301902242350922,-0.032551927973191196,-0.08153314618651711,-0.1345719357896627,-0.08125142195831721,-0.11898706667494868,-0.13964114505278652,-0.05119476236382068,-0.22906382731309627,0.7958065441166596,False,True,3,3
2353,2026-01-01,2026-02-10,cnyes_item,True,True,0.48454045319413036,0.04571230276885767,0.15048706982623727,0.07223271808593168,0.053320513831345534,0.014796857801286256,0.014796857801286256,-0.017120674477974343,-0.01443744520319384,0.014301902242350922,-0.01443744520319384,-0.09127164043302625,-0.04777153069554545,-0.07061308218227404,-0.10668074548326023,-0.21815085945305418,0.0003594125980924158,-0.15551354608959844,0.1966808235037048,False,True,4,4
2353,2026-02-01,2026-03-10,cnyes_item,True,True,2.313263108731185,0.21880422111642045,0.33525497150766626,0.18476790168142898,-0.004689692808466012,-0.010512925077133316,0.010512925077133316,0.028644392683885606,-0.01673853251209953,0.014301902242350922,-0.01673853251209953,-0.04848151351349774,-0.0002687661847947005,-0.06521154521061315,-0.15198792987188986,-0.08246063382727173,-0.027251457589232846,-0.055619788562820016,-1.0670056396573693,False,True,5,5
2353,2026-03-01,2026-04-22,finmind,False,,0.3912915558448861,0.040590013370369604,0.22858881106177265,-0.10666616044589361,-0.06889687559323958,-0.01238551671911058,0.01238551671911058,-0.03349416458750465,0.01805830859803039,0.014301902242350922,0.01805830859803039,-0.009640982810324973,-0.07579944512755508,-0.11596646421038277,-0.12707563706470534,-0.11383879528174826,0.005672791878919812,0.06305979110540649,0.19351084341863733,False,True,4,4
2353,2026-04-01,2026-05-11,cnyes_item,True,True,-2.0904780831336853,-0.2171261872100132,0.02098409692187886,-0.2076047141398938,-0.0806200393563426,0.007097562739038773,0.007097562739038773,0.013237714369242874,-0.03563379970967899,0.014301902242350922,-0.03563379970967899,-0.06842093626087783,-0.03736840809733214,0.04226708840205797,-0.08524357247857756,-0.056653399542506325,-0.028536236970640217,0.012832335763200309,0.7897496344029317,False,True,1,1
2353,2026-05-01,2026-06-10,cnyes_item,True,False,2.8704054291717855,0.32618421908239625,0.5211268455795022,0.5001427486576233,0.11554708779675643,0.03147075893507756,0.03147075893507756,0.01436994456264002,0.004451478889972367,0.014301902242350922,0.004451478889972367,-0.10939958677477761,-0.18126849380342908,-0.17023738173632055,-0.1218471588067037,-0.10605006451193005,0.03592223782504993,0.15388801645156125,0.464299074669925,False,True,5,5
2353,2026-06-01,2026-06-11,finmind,False,,0.4220859561671024,0.0542846311850968,0.31118454903948134,-0.20994229654002083,0.17129123961577783,0.004451478889972367,0.004451478889972367,0.03147075893507756,-0.03488551225924387,0.014301902242350922,-0.03488551225924387,-0.16417073983517982,-0.18627813093223441,-0.1712999501681936,-0.14979986638792891,-0.13416158897476807,-0.0304340333692715,0.13626418207513025,0.3645640649727402,False,True,4,4
2356,2023-10-01,2023-11-07,news_item,True,True,-0.13394016674208106,-0.01655879723857486,-0.06984419379222473,-0.11615705539628962,-0.055036228344245486,0.0018715640766405065,0.0018715640766405065,0.009321391626021917,0.028118027291732413,0.01463108404932064,0.028118027291732413,0.023420049249263622,-0.003640805729802299,-0.08979663405123574,0.08330253984005974,0.1590173771041811,0.02998959136837292,-0.5050559970924322,-0.4312193522124213,False,True,2,2
2356,2024-01-01,2024-02-15,news_item,True,True,1.4061435151279769,0.1726967184564157,0.07644737146568659,0.07635183040454052,0.01505532994329134,0.02197963178557944,0.02197963178557944,0.004166453300363138,-0.01601459972455895,0.01463108404932064,-0.01601459972455895,-0.05229088966388747,-0.041212161833803385,-0.10645126913604377,-0.09122073535549145,-0.09219972893672573,0.005965032061020493,0.2653148176099953,0.4651091324346957,False,True,5,5
2356,2024-02-01,2024-03-08,news_item,True,True,1.7099572349088654,0.21708819907204102,0.16960270716728232,0.09315533570159573,-0.047952578435000184,-0.009137699209328144,0.009137699209328144,-0.029385805749289697,-0.000838819268916222,0.01463108404932064,-0.000838819268916222,-0.012172130262041713,0.06911384976103206,0.01834645527424402,0.0019072553740450936,-0.02606841532717956,-0.009976518478244366,0.28298132291387823,-0.8828039806154592,False,True,5,5
2356,2024-04-01,2024-05-08,cnyes_item,True,True,-0.2668441379636024,-0.035248001697876674,0.054248402935630935,0.03180926766807701,0.0033118290914779863,0.023073440746446912,0.023073440746446912,0.008795734851007835,0.013945553244269224,0.01463108404932064,0.013945553244269224,0.00017215456323124712,-0.01774809773065087,-0.027975670701224642,-0.05225130994704423,-0.1280400691248133,0.037018993990716134,0.005922962412812538,-0.21168463955566721,False,True,2,2
2356,2024-05-01,2024-06-11,news_item,True,True,1.9068699032950729,0.24328507572118002,0.32538182417800243,0.2711334212423715,-0.03092304482208963,0.009715126933084512,0.009715126933084512,-0.012838245897293417,0.014553904829518047,0.01463108404932064,0.014553904829518047,-0.0032882882067419676,0.028708660554055108,-0.02624353638297734,-0.09106236598499223,-0.1773543476204864,0.02426903176260256,0.0,0.2574346386257185,False,True,5,5
2356,2024-07-01,2024-08-08,cnyes_item,True,True,-0.7525705270772275,-0.10301862093131811,0.06510133400560036,-0.05962830369152172,-0.05337900934788323,0.004156151060695282,0.004156151060695282,-0.008616254159084041,0.016569482469917556,0.01463108404932064,0.016569482469917556,0.001511243078347945,-0.0647475299333774,-0.08629198163549424,-0.09045874342825434,0.09348989822107245,0.02072563353061284,-0.007752565684150614,-0.23779161524567072,False,True,1,1
2356,2024-08-01,2024-09-09,news_item,True,False,0.808434308245254,0.11156338340088467,0.28330098202779297,0.2181996480221926,0.009339860602177459,-0.022745906706095807,0.022745906706095807,0.03080258431799754,0.00023035921185421415,0.01463108404932064,0.00023035921185421415,-0.0010163600270804143,0.008677470355165022,0.029698227212953468,0.2239565518037005,0.18397244714368707,-0.022515547494241592,-0.18808864586193463,-0.3648624179036252,False,True,4,4
2356,2024-10-01,2024-11-06,cnyes_item,True,True,0.11457471802678262,0.01480905030658164,0.16853829263424203,0.0557528816846542,0.13371265072481786,0.029430466260931053,0.029430466260931053,0.08106466660595453,-0.02038080457623386,0.01463108404932064,-0.02038080457623386,-0.004818134818430074,-0.03307490671610232,-0.008216715327716595,0.060002301214929464,-0.029563124815497596,0.009049661684697192,-0.16164057825350397,2.0705654629759915,False,True,3,3
2356,2024-11-01,2024-12-09,cnyes_item,True,True,2.1997435961563054,0.28244915302030427,0.4706573815575119,0.3021190889232699,0.005463626282263117,0.0026577356185191617,0.0026577356185191617,0.0010858676858922292,-0.010853561901469461,0.01463108404932064,-0.010853561901469461,0.013332310281875977,0.03265137531916369,0.07493105864922238,0.018580218075252612,-0.005282114192713409,-0.008195826282950298,0.10821279789562066,-1.4173386469905265,False,True,5,5
2356,2024-12-01,2025-01-10,cnyes_item,True,True,0.5066161124399482,0.0705054708719075,0.3211658325856881,-0.14949154897182382,0.05858560341157135,-0.004397946099440109,0.004397946099440109,-0.0013952915873757799,0.024050821328817265,0.01463108404932064,0.024050821328817265,-0.015211525455940738,-0.09168245395472975,-0.086941554564598,-0.08402309658577953,-0.07286587044059042,0.019652875229377156,0.1457704388690324,0.18983111885623322,False,True,4,4
2356,2025-01-01,2025-02-10,news_item,True,True,1.3540042469988938,0.18678497419360696,0.5069054764527543,0.1857396438670662,-0.08051633079242658,-0.01169877836050173,0.01169877836050173,-0.0025602668302097172,0.014153913639056779,0.01463108404932064,0.014153913639056779,0.015518621445289846,0.007506341691335621,0.042405056581190176,0.03139109306981277,0.0185974838194976,0.0024551352785550477,0.0637149421420391,-0.3158811147431762,False,True,5,5
2356,2025-02-01,2025-03-07,cnyes_item,True,True,-3.0833249169312875,-0.39483047468915683,0.03807908884282796,-0.46882638760992634,0.03598519574827477,0.04481559857412643,0.04481559857412643,-0.0028107085308326403,-0.01693721639479709,0.01463108404932064,-0.01693721639479709,-0.04059496574186523,-0.03556636522788416,-0.03208932276702807,-0.048287863749094065,-0.05647634087819118,0.027878382179329343,-0.04782585775913617,1.1903778216082754,False,True,1,1
2356,2025-04-01,2025-05-08,news_item,True,True,-0.7494235303546372,-0.11633418620288438,0.17981225940685874,-0.16364251212678838,-0.04165662407965415,0.012481291708512896,0.012481291708512896,-0.02257067150841224,-0.0023383608273589273,0.01463108404932064,-0.0023383608273589273,-0.03063623409373556,-0.02681519264923808,-0.03100463748874451,0.035627315757797796,0.06236117490513433,0.010142930881153969,-0.23752631588290374,-0.26456030460904373,False,True,1,1
2356,2025-05-01,2025-06-09,news_item,True,True,0.056203056681295924,0.008862120673107654,0.19597749393421893,0.016165234527360184,-0.004189444839506443,0.011762054003473459,0.011762054003473459,-0.010334868651134506,-0.0011983293628328815,0.01463108404932064,-0.0011983293628328815,0.050608236839443065,-0.005904783447978776,0.051626651238534424,0.07132285052531365,-0.03954777612740412,0.010563724640640577,-0.1415148317969943,-0.681991985421205,False,True,3,3
2356,2025-07-01,2025-08-08,news_item,True,True,0.2597850039327506,0.03859355153625424,0.21702061555933128,0.057529176831177864,0.03310365341208539,-0.03855135695114977,0.03855135695114977,0.0027566117935049167,-0.005929564573467575,0.01463108404932064,-0.005929564573467575,-0.06647856917110731,-0.06622437152609209,-0.08124891874080359,-0.10201823893200025,-0.20519353726153822,-0.04448092152461735,0.06790578183689178,0.3947070498934276,False,True,3,3
2356,2025-08-01,2025-09-09,news_item,True,True,-1.4239153687976298,-0.21107315821570913,-0.02024330880847458,-0.23726392436780586,-0.004853700555485356,0.010255600771377861,0.010255600771377861,-0.005124780658599993,-0.008801277029194008,0.01463108404932064,-0.008801277029194008,-0.011402631651957318,-0.02071941189802611,-0.03219635645242237,-0.12127931246200618,-0.0555456933388697,0.001454323742183853,0.05414318642119431,0.17439821309475015,False,True,1,1
2356,2025-10-01,2025-11-06,news_item,True,True,-0.3019017564695962,-0.04650980025751632,0.07377125177978527,-0.09029459758126279,-0.05077307553766689,-0.023420191628137514,0.023420191628137514,-0.016439743229490843,-0.007000493457240015,0.01463108404932064,-0.007000493457240015,0.008677936417397466,0.006803465106231211,0.07419945800791207,-0.09301483184688865,-0.23185668615333796,-0.030420685085377527,0.06131488901278104,-0.4673376764486558,False,True,2,2
2356,2025-11-01,2025-12-09,news_item,True,False,-1.547744857130848,-0.23899855688540228,-0.16646729277461603,-0.2402385445544013,0.05434679670098133,-0.051625312822859606,0.051625312822859606,-0.015572183010911466,-0.013905656138442926,0.01463108404932064,-0.013905656138442926,-0.047072563603009765,-0.04742808241579261,-0.18862034696738256,-0.26208508174445266,-0.3583977545815733,-0.06553096896130253,-0.008492274429605207,0.5189254326855527,False,True,1,1
2356,2026-01-01,2026-02-09,cnyes_item,True,True,-0.20769563337611105,-0.03365118968304277,-0.11598015066690337,0.038310691289847654,-0.0612744117754115,0.008449200567210808,0.008449200567210808,0.014221169292609567,-0.0008593955217254361,0.01463108404932064,-0.0008593955217254361,-0.05381583273948991,-0.11570063349217985,-0.14027400451267924,-0.09510585634689145,-0.09019497982048384,0.007589805045485372,0.009417681707606818,-0.7527461453767385,False,True,2,2
2356,2026-02-01,2026-03-06,news_item,True,True,2.818414343302361,0.4444967408874211,0.2989173124213309,0.4148974630882343,-0.11570063349217985,-0.005397396610873673,0.005397396610873673,0.005606313507537708,0.01149665439856002,0.01463108404932064,0.01149665439856002,0.008526714609062402,-0.03253390363499102,-0.017928481007773417,-0.001953753338011354,0.23569072356583692,0.006099257787686347,0.026005020799569678,-1.516368151470823,False,True,5,5
2356,2026-03-01,2026-04-09,cnyes_item,True,True,-0.13458541704138316,-0.02390530535614962,-0.014356532090257446,-0.31327384451158835,-0.016049975175433974,0.02077335247967911,0.02077335247967911,-0.008806687064205801,0.005638692070779827,0.01463108404932064,0.005638692070779827,-0.013719658026134285,0.038459112422916816,0.015514388910494958,0.20548058882022574,0.023906509027222005,0.026412044550458938,-0.03282721435628977,0.1963459957291932,False,True,2,2
2356,2026-04-01,2026-05-07,cnyes_item,True,True,1.8605992075100346,0.3298254034169865,0.38601894663837655,0.400375478728634,-0.016650312699086012,-0.004545136362302863,0.004545136362302863,0.038047802376126025,0.016051463018509085,0.01463108404932064,0.016051463018509085,0.0356478001868554,0.03216918348275406,0.18463170232605944,0.039382919257828046,0.2020115786639787,0.011506326656206222,0.08825993533488719,0.8060668648211751,False,True,5,5
2356,2026-05-01,2026-06-09,cnyes_item,True,True,0.46388768725101354,0.08786707325407997,0.3113936489105633,-0.07462529772781323,0.05228297533572035,-0.01244988223169452,0.01244988223169452,-0.041102640990125214,-0.01436409877977525,0.01463108404932064,-0.01436409877977525,-0.09235287613636618,-0.15481547977165344,-0.10344678161848811,0.009798037999110262,-0.0035401724756876224,-0.02681398101146977,0.3749710374815889,0.6625726207447271,False,True,4,4
2367,2024-02-01,2024-03-11,news_item,True,False,1.3304859286934283,0.32401854300062755,0.25367019059797613,0.22767294969739638,0.1383450525441195,0.052519586138289345,0.052519586138289345,-0.05463268049001778,-0.02909734988971991,0.01765691565652096,-0.02909734988971991,-0.016440061077639373,0.022939490360556276,-0.01673443201411729,0.12996565887332234,0.37250915946714197,0.023422236248569435,0.07573521234356306,2.2480405835451216,False,True,5,5
2367,2024-04-01,2024-05-09,cnyes_item,True,True,-0.005661903407486902,-0.0014206490903016233,0.14592836926886932,-0.01645125431008765,0.11563306514415247,-0.03805428967423328,0.03805428967423328,0.09042743047405241,0.036335188936185044,0.01765691565652096,0.036335188936185044,0.2142848063181247,0.25887986198498736,0.24254350059381968,0.20408024039513745,0.13381564651565397,-0.0017191007380482348,0.31103120194799905,1.0581183395518157,False,True,3,3
2367,2024-07-01,2024-08-12,cnyes_item,True,True,-0.2219462924153091,-0.051312322504609625,0.17851023530614896,-0.010159330545665313,-0.058332971721907476,0.008161959603181373,0.008161959603181373,-0.020569114565561247,0.034953527622839264,0.01765691565652096,0.034953527622839264,0.024311998578948703,-0.010079255625928325,0.042997324591381406,-0.04895791095866349,-0.08655086507602967,0.04311548722602064,0.3397383063668964,-1.6147550887693913,False,True,2,2
2367,2024-12-01,2025-01-10,cnyes_item,True,True,-0.16747464091848052,-0.036682698203215125,0.14743475506347892,-0.013844848497001294,-0.01501317916293818,0.012902194180466047,0.012902194180466047,-0.009212327541380946,-0.015625324654057415,0.01765691565652096,-0.015625324654057415,-0.020783875669303342,0.04183979654390721,-0.031619823860149776,-0.041419062590287326,-0.11181322221563844,-0.002723130473591368,-0.07210337750668128,-0.4250145824769232,False,True,2,2
2367,2026-03-01,2026-04-22,finmind,False,,-0.39426116567344743,-0.05362910280978994,-0.21227253862763718,-0.2662393120814457,-0.14236190405489374,-0.04655286972089577,0.04655286972089577,0.04435483369598464,-0.05883809554590675,0.01765691565652096,-0.05883809554590675,-0.1462119711700567,-0.1720441592822313,-0.17832418783264367,-0.4720416333401243,-0.6538933821075167,-0.10539096526680253,0.9492557564498916,-0.39813193647122885,True,True,2,2
2367,2026-04-01,2026-04-22,finmind,False,,-0.4293554617418132,-0.05780874522022117,-0.16482425779691567,0.0474482808307215,-0.14236190405489374,-0.04655286972089577,0.04655286972089577,0.04435483369598464,-0.05883809554590675,0.01765691565652096,-0.05883809554590675,-0.1462119711700567,-0.1720441592822313,-0.17832418783264367,-0.4720416333401243,-0.6538933821075167,-0.10539096526680253,0.9492557564498916,-0.39813193647122885,True,True,2,2
2367,2026-05-01,2026-05-11,finmind,False,,-1.0920164461878918,-0.14712257024872716,-0.25483257790564195,-0.09000832010872628,-0.08365323732589688,-0.01470614610859097,0.01470614610859097,0.02955282641042767,0.018786921677615028,0.01765691565652096,0.018786921677615028,0.011687806582520322,-0.04542740703293783,-0.20616416972377538,-0.44518493291511496,-0.5650082277014181,0.004080775569024059,0.49889533128473396,-1.0932089748574083,False,True,1,1
2367,2026-06-01,2026-06-11,finmind,False,,2.7500231844077767,0.35831955534181625,0.14767643056508462,0.40250900847072657,-0.03837575172141002,0.005682821406824462,0.005682821406824462,0.043048349446733185,-0.06041520152622276,0.01765691565652096,-0.06041520152622276,-0.18118084012748806,-0.2804622198612954,-0.31368311463949533,-0.39297409879286127,-0.4649313579282592,-0.0547323801193983,0.03951921282445969,0.030664312651589226,False,True,5,5
2388,2024-08-01,2024-09-11,cnyes_item,True,True,-0.8271547040491534,-0.31329026497653106,-0.383795472652519,-0.16836499223989776,0.019037265880671207,-0.03675798364092218,0.03675798364092218,0.020255973642983365,0.05638874130577232,0.02093892429231523,0.05638874130577232,0.10831753960111941,0.08440577429628128,-0.01467761510477125,-0.16537456328783584,-0.13992062360173238,0.019630757664850146,0.11578183396743569,0.4483722260959332,False,True,1,1
2388,2024-09-01,2024-10-11,cnyes_item,True,True,2.1216833308396748,0.7925459846916567,0.5305591282741702,0.9143546009266892,-0.0055632741376213934,-0.04869398474559084,0.04869398474559084,-0.01431917733267609,-0.009545140942311651,0.02093892429231523,-0.009545140942311651,-0.05668751417026113,-0.1046049788798806,-0.16611517222742314,-0.1682506425119891,-0.20985810232776758,-0.058239125687902495,0.18158411990236356,1.1234344591676746,False,True,5,5
2388,2024-10-01,2024-11-11,cnyes_item,True,True,2.4927634244739094,1.0044344360070145,0.9815454944100246,0.4509863661358544,-0.1001130030991281,0.012820149817572476,0.012820149817572476,-0.06494762066364979,-0.009255619032441934,0.02093892429231523,-0.009255619032441934,-0.03287888526716312,-0.013036741669176236,-0.0021354702845659164,-0.043742930100344427,-0.06245257882826882,0.003564530785130542,-0.008264482424763742,-0.32866228523839414,False,True,5,5
2388,2024-11-01,2024-12-11,cnyes_item,True,True,0.20418261776068092,0.09206299103622345,0.46816604104678206,-0.5133794533632425,0.06268536655062809,-0.027645474576335663,0.027645474576335663,0.03702763689710441,-0.019848059896687423,0.02093892429231523,-0.019848059896687423,-0.01861565569838863,-0.040992968606910644,-0.09553724771143572,-0.05507966437286863,-0.1446202697926775,-0.04749353447302308,-0.22595667272771447,0.05646576777245121,False,True,3,3
2388,2026-02-01,2026-03-11,cnyes_list,False,,-0.06569132515071911,-0.03208695110204829,-0.6255469740429653,-0.17384392165762108,-0.09706139113441939,0.04411273575018016,0.04411273575018016,-0.0002487396495076885,0.0038866111878286865,0.02093892429231523,0.0038866111878286865,0.0043940409756124295,0.0631785052113473,0.05519981065018435,0.294735919673998,-0.05201554640010507,0.04799934693800885,0.032130939182849705,0.0686699559191026,True,True,3,3
2388,2026-03-01,2026-04-13,cnyes_item,True,True,1.39213733184701,0.6777131147950257,-0.0383192298901065,0.5872277441528588,-0.007978694561162932,0.0313294897453247,0.0313294897453247,-0.019818800178745336,0.015201930256992286,0.02093892429231523,0.015201930256992286,0.1647496330564736,0.27785402806248455,0.1660555200643048,-0.14643541118181636,-0.06444058840785737,0.046531420002316984,-0.09373308649429601,0.02851131353611275,False,True,5,5
2388,2026-04-01,2026-05-11,cnyes_item,True,True,1.8409289847538246,0.8989292510525939,0.5270728322797886,0.5653920621698951,-0.1605189537064058,0.045014327926934404,0.045014327926934404,-0.03530138410427672,-0.042151099214184085,0.02093892429231523,-0.042151099214184085,-0.02866458217914717,-0.06619489150236423,-0.346751466074103,-0.33334306342706727,-0.060374154508234745,0.0028632287127503195,0.37888385366459154,0.181521791913722,False,True,5,5
2388,2026-05-01,2026-06-11,cnyes_item,True,True,1.2652542464390002,0.6596258752956766,0.6140280847445823,0.08695525246479363,-0.15408009553458757,0.010203619862814777,0.010203619862814777,0.016055998728577103,-0.022857701511957117,0.02093892429231523,-0.022857701511957117,0.09765366318578761,0.010686433571303083,0.012163812417321607,0.21243741547924083,0.14552310635364585,-0.01265408164914234,0.40744324369790164,-1.3094524338851432,False,True,5,5
2409,2023-08-01,2023-09-11,news_item,True,True,1.0625250410481857,0.19505079243922907,0.19855340357989704,0.09457426492869914,-0.07540266752394639,0.02912138960998909,0.02912138960998909,0.008133782438144825,-0.00028662605515923645,0.01632240995155974,-0.00028662605515923645,-0.01161926600627646,-0.016857193609953473,-0.05948690319145135,-0.02835724018958543,-0.042248813789135586,0.028834763554829855,0.04567166303851167,0.13910626190017916,False,True,5,5
2409,2023-09-01,2023-10-12,news_item,True,True,1.6772338298991791,0.31755900441566826,0.4157934838428545,0.2172400802629575,-0.049037981519971074,0.007813326772381984,0.007813326772381984,-0.0017627273260373538,0.010535893678721294,0.01632240995155974,0.010535893678721294,-0.005545915715847175,0.024101842530317035,0.0311296630018659,0.017238089402315745,0.08201393875473931,0.01834922045110328,-0.07877857564495105,-0.11551812420607552,False,True,5,5
2409,2024-01-01,2024-02-16,news_item,True,True,-0.2632955004661833,-0.054125216793085684,0.200701008416992,0.05674279736263799,-0.06244509733953818,-0.014886732326697367,0.014886732326697367,-0.017141318862049768,0.01965947047138898,0.01632240995155974,0.01965947047138898,0.002410178618380991,-0.0417383981500312,-0.037101407801978896,-0.031709467565457505,0.021287652399215606,0.0047727381446916115,0.20443850179492928,-1.1890600737046841,False,True,2,2
2409,2024-02-01,2024-03-11,news_item,True,True,-0.19243589988756934,-0.039425254033072094,0.14512089493351255,-0.055580113483479465,-0.06586125305253553,0.03460298285985103,0.03460298285985103,-0.0012268262855492226,0.009630332276057574,0.01632240995155974,0.009630332276057574,0.003338330553304833,0.007782514446081394,0.03370211110233462,0.019539711728009168,-0.02109816923192659,0.0442333151359086,0.08191169656707808,0.007628786735446534,False,True,2,2
2409,2024-03-01,2024-04-11,news_item,True,True,0.2363327430229759,0.04818293239860813,0.21144297053356098,0.06632207560004844,0.025919596656253235,-0.024823784154957493,0.024823784154957493,-0.00919066236294906,-0.01823849626650614,0.01632240995155974,-0.01823849626650614,0.004522484393280884,0.015219407407593494,0.007592198233431418,0.006346885015062642,-0.06293486434952933,-0.043062280421463636,0.1397610456754177,0.5796315839898362,False,True,3,3
2409,2024-04-01,2024-05-13,cnyes_item,True,True,-0.4229817959632207,-0.08573399433387627,0.10002096362747892,-0.11142200690608206,-0.00762720917416208,0.014590849594142717,0.014590849594142717,-0.003069186547200596,-0.009395313608902825,0.01632240995155974,-0.009395313608902825,0.0012436302910317117,-0.019840299266866798,-0.00996110521070808,-0.07850321434334068,-0.07081880716967037,0.0051955359852398925,-0.04482524141272126,-0.5898510215929004,False,True,2,2
2409,2024-06-01,2024-07-10,news_item,True,True,-0.19342659399054268,-0.03570352588127554,0.1504922687503587,-0.0966311809835041,-0.024575798745863034,0.015716694138019814,0.015716694138019814,0.0066146978337627785,-0.004353876414542494,0.01632240995155974,-0.004353876414542494,0.013596063360877875,0.027381544687002646,-0.009208957761927188,-0.0007566777019845303,0.05035542773668419,0.01136281772347732,-0.005554772033734334,0.23473300250116505,False,True,2,2
2409,2024-07-01,2024-08-12,news_item,True,True,-0.40593988062401437,-0.07186218691714666,0.0940167071200868,-0.0564755616302719,-0.036590502448929835,-0.01682417334411997,0.01682417334411997,-0.0011766707975776787,-0.005293363210075384,0.01632240995155974,-0.005293363210075384,0.03251923873716671,0.041976499928102456,0.024895954964213922,0.07082994221070789,0.029385598869139048,-0.022117536554195353,-0.01920524478903607,-0.6650154897736048,False,True,2,2
2409,2024-08-01,2024-09-10,news_item,True,True,-0.04268502531423863,-0.00727963807052609,0.15659783713091002,0.06258113001082322,-0.017080544963888545,0.006733749722224444,0.006733749722224444,-0.0003804984398487121,0.027352146828713675,0.01632240995155974,0.027352146828713675,0.0471820888907857,0.05038861276183884,0.05245340059391697,0.0024834949061879677,0.00259236740872122,0.03408589655093812,-0.008239057925354398,-0.47980647809765076,False,True,3,3
2409,2024-10-01,2024-11-11,news_item,True,True,-0.44438268992837787,-0.0673954561352339,0.05167485472505362,-0.05492153360481211,-0.050072600077558,-0.004761332403382559,0.004761332403382559,-0.021871886825052096,0.004727600723487303,0.01632240995155974,0.004727600723487303,0.017528480051750107,-0.008753740535575939,-0.00658720132953196,-0.01931179920007299,-0.04524796442420555,-3.373167989525593e-05,-0.00496054581209826,0.0735755096776618,False,True,2,2
2409,2024-11-01,2024-12-10,news_item,True,True,-0.7886716576694026,-0.1189615773765939,-0.014005217314650764,-0.06568007203970438,0.002166539206043979,0.011423674555552508,0.011423674555552508,-0.009890821261654043,0.01625099116866524,0.01632240995155974,0.01625099116866524,0.0030677815684974352,-0.002974804888806054,-0.03131913341365675,-0.03411160624901802,0.04763162002331865,0.02767466572421775,-0.060995017868285206,-0.6061928533141556,False,True,1,1
2409,2025-01-01,2025-02-11,news_item,True,True,0.33410828951777505,0.05176330807545545,0.11160350870169466,-0.030247455766620135,-0.010234422118725831,-0.0036266930819958817,0.0036266930819958817,-0.010059786238529963,0.009906638894854727,0.01632240995155974,0.009906638894854727,0.008244949664994708,0.050637921075893835,0.09610372274190021,0.058209111944788464,0.09037560233694436,0.006279945812858846,-0.2390704311102625,-0.5260745360646212,False,True,3,4
2409,2025-02-01,2025-03-11,news_item,True,True,0.5181173298016922,0.08026775115468965,0.16008416977314255,0.048480661071447884,0.03971275881377387,0.016108988554961203,0.016108988554961203,0.001414082069809768,0.0021753333591083236,0.01632240995155974,0.0021753333591083236,0.004082239193444144,-0.01545179706472307,-0.02150170793317966,0.009445021768455839,-0.07558538081205181,0.018284321914069528,-0.05476831250178993,0.30115449793645865,False,True,4,4
2409,2025-04-01,2025-05-12,news_item,True,True,0.2315890888701088,0.03579913071468255,0.19825321392170991,-0.017421357224534972,0.05999718620906559,-0.012997808814303395,0.012997808814303395,0.0016526847974807184,-0.013977457322755878,0.01632240995155974,-0.013977457322755878,-0.021559831880189718,-0.02636567280526506,-0.07630685827733037,-0.0850499009982722,-0.13612809606198023,-0.02697526613705927,-0.12833167890377384,-0.6578555565339433,False,True,3,3
2409,2025-06-01,2025-07-10,news_item,True,True,-1.2049834902813445,-0.17597836296348981,-0.04694712281742497,-0.020113058187664734,0.011108192466157771,-0.01610482549702407,0.01610482549702407,-0.0050050954873992574,-0.011544810639525241,0.01632240995155974,-0.011544810639525241,-0.02553016977997504,-0.04709934736540408,-0.022748817307042406,-0.04270210192857248,-0.04132341464085094,-0.027649636136549312,-0.18770407173879056,-0.3427829830224041,False,True,1,1
2409,2025-08-01,2025-09-10,news_item,True,True,-0.758156213183019,-0.10123629164991381,-0.17257007535739532,-0.03234991168213597,-0.06865096253984611,0.0045277048261928125,0.0045277048261928125,-0.0026452122498215047,-0.008930386613752965,0.01632240995155974,-0.008930386613752965,0.036864113161078634,-0.0009148169118458113,-0.030090211742233315,-0.2142534557864193,-0.2894586809234954,-0.004402681787560153,0.06539386188955909,0.6897704965092494,False,True,1,1
2409,2026-03-01,2026-04-22,finmind,False,,-2.209896689313317,-0.21427186080109806,-0.18229058879401805,-0.22134466331045743,0.03618447209321739,-0.028233451493050798,0.028233451493050798,-0.04717075747705764,0.0038505713317631626,0.01632240995155974,0.0038505713317631626,-0.04688237932488583,-0.07972317077729879,-0.03056944439932821,0.06935391331610762,0.1446681558712446,-0.024382880161287635,0.3199979394706216,-0.06998569178034586,False,True,1,1
2409,2026-04-01,2026-04-22,finmind,False,,0.4424167350758172,0.046239688239734754,0.006470090117865368,0.18876067891188342,0.03618447209321739,-0.028233451493050798,0.028233451493050798,-0.04717075747705764,0.0038505713317631626,0.01632240995155974,0.0038505713317631626,-0.04688237932488583,-0.07972317077729879,-0.03056944439932821,0.06935391331610762,0.1446681558712446,-0.024382880161287635,0.3199979394706216,-0.06998569178034586,False,True,4,4
2409,2026-05-01,2026-05-11,finmind,False,,-0.0027239405198088043,-0.0002845926028645848,-0.04587340065610235,-0.052343490773967716,-0.08799674349702111,0.027142817227031987,0.027142817227031987,-0.004423001387959147,0.08055190301072163,0.01632240995155974,0.08055190301072163,0.0056267531642416515,0.10607034757629016,0.09930734252638779,0.2319756687085593,0.14622987852559438,0.10769472023775362,0.15180479156676308,-0.09883465168913089,True,True,3,3
2409,2026-06-01,2026-06-10,finmind,False,,0.5869210249406103,0.05977515470064769,-0.014122811743437325,0.03175058891266502,0.052873027120752016,0.006139265768858919,0.006139265768858919,-0.05066955605629319,-0.006496281192748376,0.01632240995155974,-0.006496281192748376,0.03076322150927386,0.14881544197753702,0.23635190869597217,0.11863402625639685,0.14468822130336395,-0.000357015423889457,0.312222578282332,0.21992917565069353,False,True,4,4
2449,2025-04-01,2025-05-08,cnyes_item,True,True,0.39300261080254395,0.03690956867735076,-0.0910397133781693,0.0028132573950117035,0.03163856898218213,0.01420329526108874,0.01420329526108874,0.0019048671202162451,-0.0002901846895686719,0.019887960708407006,-0.0002901846895686719,0.05627246207433874,0.03954425773080914,0.08084097313809697,0.15745422033003656,0.29739484248732545,0.013913110571520068,-0.34078675456913565,-0.2599546657452524,False,True,4,4
2449,2025-06-01,2025-07-09,cnyes_item,True,True,1.5350704489798865,0.18511403325054823,0.22058281602148355,-0.07071621644267267,0.004334745390208734,0.0065414656356183945,0.0065414656356183945,-0.027828260412657277,-8.945139928809125e-05,0.019887960708407006,-8.945139928809125e-05,0.060405434758435635,0.06995979379673839,0.11006070415630054,0.36863919439185766,0.33989572949372915,0.006452014236330303,0.06421976918393124,0.05256891993338481,False,True,5,5
2449,2025-08-01,2025-09-09,cnyes_item,True,True,-0.21579589854289605,-0.02691223647365723,0.21888802531258378,-0.006630911560499442,0.20466349300016956,0.010787328475671452,0.010787328475671452,0.048333365506799716,0.008356597850897646,0.019887960708407006,0.008356597850897646,-0.06506172006990808,-0.10956644034156117,-0.09707421943217572,0.10393658177262705,0.12899274094639873,0.019143926326569097,0.420229293857326,0.22120007066119687,False,True,2,2
2449,2025-09-01,2025-10-08,cnyes_item,True,True,0.4417433756147677,0.055157929946798134,0.27682118934918165,0.05793316403659787,-0.02731368097326759,0.01152230331084306,0.01152230331084306,-0.011639473573956081,0.006559411314200256,0.019887960708407006,0.006559411314200256,0.04220759763297176,-0.009731079909661228,0.19896721722162758,0.22238993975322754,0.27193496386336213,0.018081714625043318,0.5173593660230527,-0.6083248142020337,False,True,4,4
2449,2025-10-01,2025-11-10,cnyes_item,True,True,0.7606860986810956,0.09332451849056747,0.33373390233551703,0.05691271298633538,0.20869829713128876,0.008602995297375474,0.008602995297375474,-0.005631429694534401,-0.016014151357743464,0.019887960708407006,-0.016014151357743464,0.007377455746254671,2.448413824187104e-05,0.025056159173771696,0.028274702145363848,0.029641399565265174,-0.0074111560603679905,0.4198539502894354,0.02527406078314739,False,True,4,4
2449,2025-11-01,2025-12-09,cnyes_item,True,True,0.5919572839381085,0.07296202293550635,0.3494430619346005,0.015709159599083478,0.025031675035529808,-0.006474753362782975,0.006474753362782975,0.0102364319395471,0.00931412759365631,0.019887960708407006,0.00931412759365631,-0.03687782276499414,-0.031494249144857156,0.0176038288859851,-0.016169051313869587,-0.06215008524255579,0.0028393742308733348,0.37760115118956517,-0.3405734389238955,False,True,4,4
2449,2025-12-01,2026-01-08,cnyes_item,True,True,-0.16550894408272127,-0.020418638439156922,0.2995807461006095,-0.04986231583399103,0.04455106292486514,0.007910532551609964,0.007910532551609964,-0.0360900491989953,0.015688461339157064,0.019887960708407006,0.015688461339157064,-0.04898688087267469,-0.07432578913616142,-0.03377288019985468,-0.07975391412854088,-0.16306544436380177,0.023598993890767028,0.28016883484866817,-0.28550805981630334,False,True,2,2
2449,2026-01-01,2026-02-09,cnyes_item,True,True,-0.3403943500912524,-0.04213471822575937,0.28545118523114965,-0.014129560869459823,0.023449096111853612,0.013941991989660679,0.013941991989660679,0.03129442883164526,0.030316819063402667,0.019887960708407006,0.030316819063402667,0.007017900740980923,-0.03326012109665729,-0.023916035821438877,-0.21252527972899052,-0.2489617329057317,0.04425881105306335,0.3250197908674499,-0.37177168864706817,False,True,2,2
2449,2026-02-01,2026-03-09,cnyes_item,True,True,0.27468124998393534,0.03410868308716647,0.34560034750928637,0.060149162278136714,-0.10436435423732421,0.00923565811555567,0.00923565811555567,-0.040787414077264245,0.051394922894990494,0.019887960708407006,0.051394922894990494,-0.018738415132205057,-0.018168699227259725,-0.07368481337175978,-0.01872376097595388,-0.351140059310342,0.060630581010546164,0.3704876857604562,0.2684915940967599,False,True,3,3
2449,2026-03-01,2026-04-08,cnyes_item,True,True,0.2756133428414636,0.03369802231175001,0.34390878192543184,-0.0016915655838545263,-0.08207907577223558,-0.008093744776783707,0.008093744776783707,0.02813482364638655,-0.025880417047864528,0.019887960708407006,-0.025880417047864528,0.006771374402590048,-0.04892054411148335,0.05496105239580589,-0.2774552459385822,-0.23440534552039427,-0.033974161824648234,0.2920204145451635,-0.2671124782948152,False,True,3,3
2449,2026-04-01,2026-04-22,finmind,False,,-0.13982684802072387,-0.017078398587594024,0.30790837296769524,-0.036000408957736596,-0.07222556553406109,0.015211276645794056,0.015211276645794056,0.009896768541587487,0.012929418262869134,0.019887960708407006,0.012929418262869134,0.011406578050164142,0.10388159650728926,-0.12512468145666603,-0.292976111344427,-0.24761533555601117,0.02814069490866319,0.0897287683611383,0.136214973907846,False,True,2,2
2449,2026-05-01,2026-06-09,cnyes_item,True,True,-0.2916680197341935,-0.03566336485233634,0.29680913594846814,-0.011099237019227104,-0.10525174408117952,-0.024370010074380707,0.024370010074380707,-0.00561891921649918,-0.01767925386435911,0.019887960708407006,-0.01767925386435911,-0.07915439072352924,0.0518224713053561,0.014665285363424242,-0.053297558582638405,-0.00941764074462749,-0.04204926393873982,-0.02799587772504264,-0.5338429379253568,False,True,2,2
2883,2023-08-01,2023-09-13,mops_item,True,True,1.5221987997193567,0.647543342809121,-0.21446453823276102,0.03101621157513179,0.0009018902026727248,0.0011654036323427747,0.0011654036323427747,-0.009656437975405259,-0.008865145372394183,0.013659276992906135,-0.008865145372394183,-0.017157394741755733,-0.009890291683950855,0.022647960781420236,-0.018775417349396206,-0.003648410755053067,-0.007699741740051409,-0.0687166580838694,-0.4000983065058805,False,True,5,5
2883,2024-06-01,2024-07-11,cnyes_list,False,,-4.167483358285807,-3.6929652806234685,-3.1116715236042793,-4.290863778213737,0.08130104082213284,-0.008908164763345296,0.008908164763345296,0.02170659035446098,-0.006522828569292374,0.013659276992906135,-0.006522828569292374,-0.01726269710596891,0.04568213674567959,0.057255110800822503,0.10172915917833295,0.12727633356077506,-0.015430993332637671,0.08971734258117747,0.31483251513392924,False,True,1,1
2883,2024-07-01,2024-08-13,cnyes_item,True,True,-0.06096535820801952,-0.08144376754744209,-0.9342571045370995,2.17741441906718,0.011572974055142918,0.004731455732016208,0.004731455732016208,-0.006770045282127112,0.006123215882388046,0.013659276992906135,0.006123215882388046,-0.022759537917068216,-0.0270410696191594,0.05345271158256053,0.0567037495392641,0.09845304917131983,0.010854671614404253,0.1837890190176692,-0.737456177877566,False,True,3,3
3037,2023-08-01,2023-09-11,news_item,True,True,0.22811543596723038,0.026081460202148576,-0.3181967346683905,0.08080831159463031,0.0036460409949618904,0.010948980662552645,0.010948980662552645,-0.018279037933385204,0.021961514248077872,0.021651260436137205,0.021961514248077872,-0.0014865090063840916,-0.02271019035078211,-0.062390138245595625,-0.14062063592739657,-0.10535573880106844,0.032910494910630514,0.045132051960619535,-0.8314222510680152,False,True,3,3
3037,2023-09-01,2023-10-11,news_item,True,True,0.7089032442470927,0.07981549824780626,-0.27466164531279347,0.04353508935559702,-0.04072634982284662,-0.0011528259481414045,0.0011528259481414045,0.0014110079797047788,-0.018713599818357587,0.021651260436137205,-0.018713599818357587,-0.05240285155756671,-0.07660744216451489,-0.10041148067825688,-0.058462594210865734,-0.14597674333745408,-0.019866425766498993,0.09035244550770205,0.27029988001628935,False,True,4,4
3037,2023-11-01,2023-12-11,news_item,True,True,-0.6907872670642257,-0.07700548269056046,-0.41988693339389016,0.01589903873491494,0.02910492711195252,0.021722893381341497,0.021722893381341497,0.02820644813241528,-0.015286036792018263,0.021651260436137205,-0.015286036792018263,-0.037989602824154936,-0.0721094126122904,-0.1382872846590832,-0.05356213121386829,-0.13762381370064708,0.006436856589323234,-0.09694204597346001,0.6410975483211314,False,True,1,1
3037,2024-05-01,2024-06-11,news_item,True,True,0.7957113975290816,0.11596691488971327,0.11214820799573388,0.08515022138638884,-0.020206951067849525,0.00311902944925368,0.00311902944925368,-0.01883434227859268,0.015911356923248573,0.021651260436137205,0.015911356923248573,0.0019361323542508302,-0.05841615287201157,-0.11796165671521608,-0.160860830972347,-0.2032176864383775,0.019030386372502255,-0.036367741701906375,-0.46574724061062883,False,True,4,4
3037,2024-07-01,2024-08-09,news_item,True,True,-0.09539816711207466,-0.014145545040182839,0.07048651074599377,-0.04426346200745712,-0.20016922545560212,4.528393365930278e-05,4.528393365930278e-05,-0.01629616917253846,0.04491065455225402,0.021651260436137205,0.04491065455225402,0.01608206522417781,0.03153261741655989,-0.044853371409024116,-0.05547875106253843,0.1242062655103852,0.044955938485913324,0.08098194616621601,0.43304914925703214,False,True,2,2
3037,2024-11-01,2024-12-09,news_item,True,True,-0.012276094919434821,-0.0017894117572462565,0.17589951501232193,-0.03706099593232537,-0.05411173768643314,-0.01413644127768229,0.01413644127768229,-0.018896734483440727,0.004526319899250517,0.021651260436137205,0.004526319899250517,-0.029117504694570542,0.013355324631497177,0.08426910980777605,-0.0880157414264427,-0.2761885095615662,-0.009610121378431773,-0.009273212151787114,-0.5590731579354171,False,True,3,3
3037,2025-03-01,2025-04-09,news_item,True,True,0.7950300063575321,0.10273857907198665,0.1872911035712157,0.15824180977903168,-0.08374738867804896,-0.02004083005875644,0.02004083005875644,-0.01729324645790796,0.0004244612338894782,0.021651260436137205,0.0004244612338894782,0.03778990666632073,0.06935271529254247,0.07095117329149987,0.155271989393314,0.29290624291751366,-0.01961636882486696,-0.2231431823819232,0.36737028693657214,True,True,4,4
3037,2025-08-01,2025-09-09,news_item,True,True,-0.3398245931083332,-0.03475198965139134,0.11813423413848056,-0.0904067250743843,-0.07600810957373524,0.013230692629733563,0.013230692629733563,-0.01278736812719134,0.045326779500381026,0.021651260436137205,0.045326779500381026,0.08689779109994844,0.0831848569457287,0.053800096463200504,0.058362608818686205,0.3380272641580015,0.058557472130114585,0.3389247001628597,-1.2198875402184215,False,True,2,2
3037,2025-11-01,2025-12-09,news_item,True,True,0.0724877718214596,0.007636954142783495,0.07774659574496923,0.03364151112693037,0.21567203011843267,0.01699252175793782,0.01699252175793782,0.006406193974261343,0.013944611773272603,0.021651260436137205,0.013944611773272603,-0.03510205132941176,-0.04159961380146361,-0.12248989024702303,0.2720560467596881,0.5907683702178738,0.03093713353121042,0.14403923253034812,0.8550616660173307,False,True,3,3
3037,2025-12-01,2026-01-09,cnyes_item,True,True,1.256811345775575,0.12923581849163548,0.18588291396265078,0.10813631821768155,-0.0808902764455594,0.004471129667799036,0.004471129667799036,0.028647523464812273,0.03801947081000008,0.021651260436137205,0.03801947081000008,0.10072887394050199,0.29710578114076924,0.33463956205743633,0.7531335746928816,0.8496464783215874,0.042490600477799116,0.3167147784048776,-0.6607141434322509,False,True,5,5
3037,2026-01-01,2026-02-09,cnyes_item,True,True,1.3012374696537206,0.13552766502610325,0.2381058631346562,0.05222294917200543,0.03753378091666701,0.0076596656978396415,0.0076596656978396415,-0.055435245281475753,0.06314143162122332,0.021651260436137205,0.06314143162122332,0.19929225045548754,0.22449448126991473,0.4290626431029492,0.5624743080607265,0.6550542169974024,0.07080109731906296,0.7140122460161722,0.6230844528048444,False,True,5,5
3037,2026-03-01,2026-04-22,finmind,False,,-0.982437899520483,-0.09013300666411794,0.14993461000858588,-0.1462794629122186,0.11892845684136542,0.00010149691839982967,0.00010149691839982967,0.020227525207068678,0.06731669762461974,0.021651260436137205,0.06731669762461974,0.14594133460235048,0.1660683844915235,0.12524690759015994,-0.05142084473930668,-0.1332431731376822,0.06741819454301957,0.9391563475167315,-1.399255981956329,False,True,1,1
3037,2026-04-01,2026-05-11,cnyes_item,True,True,-0.230220765218527,-0.018908743961303515,0.209176104726712,0.05924149471812612,0.027989993221929507,0.023715880667287047,0.023715880667287047,-0.07076169364497424,-0.0004612831889994652,0.021651260436137205,-0.0004612831889994652,-0.07244409567909144,-0.017772383653278878,-0.11147757042772426,-0.2545954084013362,-0.017852686253696123,0.02325459747828758,1.0708421316259011,0.447021603369577,False,True,2,2
3037,2026-05-01,2026-06-09,cnyes_item,True,True,0.3223146592732661,0.025576749786611203,0.24401834567197866,0.03484224094526667,-0.09370518677444543,0.031136813848073593,0.031136813848073593,0.04289102390611123,-0.04306927124733942,0.021651260436137205,-0.04306927124733942,-0.018507404539961133,-0.13251725883147317,-0.15513798689272223,0.061292119089358166,0.0008122984525412401,-0.011932457399265826,0.797385942088213,-0.2675345151516961,False,True,3,4
3231,2023-11-01,2023-12-11,news_item,True,True,1.1293729833450392,0.13053479684323932,-0.0025129576088041006,0.18069495172690253,-0.05469436661268374,-0.008171422058045986,0.008171422058045986,-0.017460662018420378,-0.018390630918975776,0.016489092040423002,-0.018390630918975776,-0.020461653084582115,-0.0009092749944348034,-0.018033318680508656,0.3003375088649544,0.1745593266787829,-0.02656205297702176,-0.13157588770331685,-0.7094296289555392,False,True,5,5
3231,2023-12-01,2024-01-09,news_item,True,True,-0.5804272977212362,-0.06807693981611014,-0.14772929814584757,-0.14521634053704346,-0.005943014579612526,0.0077084187574730425,0.0077084187574730425,0.008844058499322297,0.013470958150693494,0.016489092040423002,0.013470958150693494,0.05673339278910655,0.19004021604455812,0.3183708275454631,0.19259264535929158,0.16234150074476433,0.021179376908166535,-0.0746394047733494,0.30435853187054723,False,True,2,1
3231,2024-01-01,2024-02-15,news_item,True,True,-1.2391829983360407,-0.1441997418555907,-0.25534979688571013,-0.10762049873986257,0.07532104439433691,0.04383779150611099,0.04383779150611099,0.03902002026396422,-0.0545821413037868,0.016489092040423002,-0.0545821413037868,-0.11776889490045321,-0.10993418028289843,-0.12577818218617148,-0.15602932680069873,-0.15944106102968325,-0.010744349797675815,0.2114102333013701,0.5926434892997949,False,True,1,1
3231,2024-02-01,2024-03-11,news_item,True,True,3.0149594384497473,0.33761084473514325,0.2024134938550226,0.45776329074073274,-0.028914552792467706,0.029929695532910132,0.029929695532910132,0.008115174943907413,-0.003984991012651887,0.016489092040423002,-0.003984991012651887,-0.023110239348664977,-0.0331404524164749,0.005464310976107027,-0.05852449368594834,-0.09616202535208143,0.025944704520258245,0.17695776708874078,0.5179395063445219,False,True,5,5
3231,2024-04-01,2024-05-09,news_item,True,True,-0.8512505796805796,-0.12708880506895426,-0.05558766039787599,-0.3230273974417983,0.0010834518687670106,-0.01758972252808561,0.01758972252808561,-0.0036369867806503604,0.015473263597354067,0.016489092040423002,0.015473263597354067,-0.021673149882933937,-0.023503484381960253,-0.03763753166613305,-0.11112851692238171,-0.14057633570193684,-0.002116458930731542,0.11845858251348318,-0.41037402655737354,False,True,1,1
3231,2024-05-01,2024-06-11,cnyes_item,True,True,0.12226074032050542,0.018304493616459666,0.15639301711681597,0.21198067751469196,-0.0434606349077189,-0.007617208169653448,0.007617208169653448,-0.02274403590338304,-0.010960036449684166,0.016489092040423002,-0.010960036449684166,-0.0451396030886886,-0.014045037529164398,-0.05114419389684027,-0.037413691256099585,-0.07405709043326826,-0.018577244619337616,-0.017241847241615815,0.16404992273687316,False,True,3,3
3231,2024-07-01,2024-08-09,cnyes_item,True,True,-0.13101219637741482,-0.01883886237775083,0.09057640292952485,-0.1368640362733622,0.04839707177003437,-0.0013886811002971448,0.0013886811002971448,-0.013479800514575101,0.030957742413438922,0.016489092040423002,0.030957742413438922,-0.007793016803994832,-0.011908015911859957,0.0022681547007912667,0.06392155623335682,0.20439081615670274,0.029569061313141777,-0.08834732773057397,0.6521270623816872,False,True,2,2
3231,2024-08-01,2024-09-09,news_item,True,True,0.5972306028191126,0.08304642990358366,0.24118304965332626,0.15060664672380142,0.014176170612651234,-0.009933848716818456,0.009933848716818456,0.03752287277766279,-0.007155429171692533,0.016489092040423002,-0.007155429171692533,0.03227173403068296,0.04289950479122982,0.09723442489866127,0.2073453516059405,0.21316489904301067,-0.017089277888510987,-0.12534021113605487,-0.4757700152948904,False,True,4,4
3231,2024-09-01,2024-10-11,cnyes_list,False,,0.160035510587709,0.02244626685409301,0.2088462307826724,-0.03233681887065387,0.045530560990018794,0.02564717464927727,0.02564717464927727,0.02775426619977945,-0.0006436651321813135,0.016489092040423002,-0.0006436651321813135,-0.010292807020767566,0.04122106589522383,0.1101109267072792,0.11593047414434941,0.06003849083376703,0.025003509517095956,-0.05276988789799386,1.065393122011963,False,True,3,3
3231,2024-10-01,2024-11-11,news_item,True,True,0.2797330574201234,0.03831493143347112,0.21851682588864563,0.009670595105973234,0.11669323592886104,-0.004711158566789429,0.004711158566789429,0.042808172755830085,-0.019530818528494576,0.016489092040423002,-0.019530818528494576,-0.03524636812424137,0.03207828912910381,0.005819547437070178,-0.050072435873512205,0.014330938006719314,-0.024241977095284004,0.12121285910666657,0.8668457235841304,False,True,3,3
3231,2024-11-01,2024-12-09,news_item,True,True,-0.1278621857897616,-0.017399272937150073,0.20544942917106468,-0.013067396717580948,0.014014210710041492,0.0024057980853550206,0.0024057980853550206,0.012599608704253706,-0.009772919771351312,0.016489092040423002,-0.009772919771351312,-0.0603445891898852,-0.06246429334100431,-0.055891983310582385,0.008511390569649096,-0.0547009698539123,-0.007367121685996292,0.14505017523739472,-0.9192723062721407,False,True,2,2
3231,2024-12-01,2025-01-09,cnyes_item,True,True,0.06843146888437181,0.009043274552003794,0.21998076983279802,0.014531340661733338,0.013846290897540385,0.005431352498579255,0.005431352498579255,-2.4997858753734936e-05,-0.009182632377844738,0.016489092040423002,-0.009182632377844738,0.015014111561019537,-0.01597642035384418,0.04490861437368253,0.009686198128749601,0.14265330269488,-0.003751279879265483,0.028302964911811834,-0.08825038042937168,False,True,3,3
3231,2025-01-01,2025-02-10,cnyes_item,True,True,1.0026787306260136,0.1320681197490856,0.3467171280465884,0.12673635821379037,0.01216430631320952,0.004065912876865101,0.004065912876865101,0.005223700506299336,0.03978523211709161,0.016489092040423002,0.03978523211709161,0.03361681031872005,0.03203747183569671,-0.018137481544387643,-0.020639162431599162,0.13341321148833407,0.04385114499395671,-0.0849563114197398,-0.25142719802514785,False,True,5,4
3231,2025-02-01,2025-03-10,cnyes_item,True,True,0.31502680898252183,0.04197050913853201,0.29935295148868235,-0.047364176557906035,-0.05425292954096104,-0.008422858095163532,0.008422858095163532,0.0011143293188366936,-0.005777197693010253,0.016489092040423002,-0.005777197693010253,0.003984944481388917,-0.012476748793595102,-0.008351530741727176,0.15191237536982094,0.18889524494870222,-0.014200055788173785,0.026088618525024643,-0.9291937265408269,False,True,3,4
3231,2025-03-01,2025-04-09,cnyes_item,True,True,-0.42096759162962294,-0.05238514904892,0.23629846740710292,-0.06305448408157943,0.008443513947087429,-0.006362067798903984,0.006362067798903984,-0.017212447841073814,7.265216150541265e-05,0.016489092040423002,7.265216150541265e-05,0.1403270497384841,0.15755088705532178,0.1602639061115481,0.19724677569042945,0.2748381943080758,-0.006289415637398571,-0.009434103801627458,1.3907422145160167,True,True,2,2
3231,2025-04-01,2025-05-09,cnyes_item,True,True,1.8969334211412467,0.23828448023548177,0.532407329216273,0.29610886180917007,0.0027130190562263505,-0.006138880030109418,0.006138880030109418,-0.007022596731215847,-0.006148008807578223,0.016489092040423002,-0.006148008807578223,-0.006441708271401184,0.016766156710926322,0.08007942034694311,0.11699612712050039,0.10864695231152582,-0.01228688883768764,0.009804067082681556,-0.5369396936667284,False,True,5,5
3231,2025-05-01,2025-06-05,cnyes_item,True,True,1.9197236731190253,0.25405115707682907,0.6100707397808485,0.07766341056457549,0.10131082214841852,0.00196154977591186,0.00196154977591186,0.020212837752508626,-0.04423495406407015,0.016489092040423002,-0.04423495406407015,0.0020207489042910892,0.01964220088076722,0.03428739626564391,0.04604282328993191,-0.08329844812845512,-0.04227340428815829,-0.05766559120436732,0.8809003256902697,False,True,5,5
3231,2025-06-01,2025-07-09,cnyes_item,True,True,3.6277777028360627,0.5041207811476092,0.9637129599490173,0.3536422201681688,-0.003817495649237501,0.0041198074660470565,0.0041198074660470565,0.016138862545921638,0.0007017863318940845,0.016489092040423002,0.0007017863318940845,-0.03588883433218851,-0.06320525022322285,-0.007436651868125272,-0.15449689402276226,0.04670113059564734,0.004821593797941141,0.1623828925782531,-0.21715601944100343,False,True,5,5
3231,2025-07-01,2025-08-11,cnyes_item,True,True,0.9515342629059633,0.15490035256319956,0.8569640288785791,-0.10674893107043815,0.06252099807180268,0.01774354320531668,0.01774354320531668,0.0036158372201033377,-0.015334541086008967,0.016489092040423002,-0.015334541086008967,-0.12880818799757954,-0.1510803117574619,-0.16821510820140942,-0.005270463994037904,-0.11462938099261902,0.0024090021193077134,0.17143364701975372,0.9687547017083604,False,True,5,4
3231,2025-08-01,2025-09-09,cnyes_item,True,True,-0.06843110738391378,-0.010743006937993016,0.7995062359314886,-0.057457792947090525,-0.017134796443947525,0.015155405725656696,0.015155405725656696,-0.017970197470196098,0.03160761239856582,0.016489092040423002,0.03160761239856582,-0.019226391627123827,-0.030882863746759845,0.14586826901713415,0.0376097145771839,0.08736696690774955,0.04676301812422252,0.020472446069308425,-0.28291735669595697,False,True,3,2
3231,2025-09-01,2025-10-09,cnyes_item,True,True,-1.399399199218745,-0.21998554610695942,0.653408862146069,-0.14609737378541965,0.182193770539101,-0.0019209694645806966,0.0019209694645806966,-0.03505382537201532,-0.022582075081419024,0.016489092040423002,-0.022582075081419024,-0.08801692113085394,-0.07045488486057114,-0.10825855443995025,-0.058501302109384604,-0.15378542255990307,-0.02450304454599972,-0.008196206477045997,0.84648629195806,False,True,1,1
3231,2025-10-01,2025-11-10,cnyes_item,True,True,-0.16783457285457118,-0.028319989597783035,0.7416397193875959,0.0882308572415269,-0.04019432991939738,-0.0008206069059498323,0.0008206069059498323,-0.019892768579835976,0.047773358953495576,0.016489092040423002,0.047773358953495576,0.020595949690015738,0.07094284871993962,0.049757252330565646,-0.04552686811995286,-0.3727468693389756,0.046952752047545745,0.1753527847709222,-0.784953980712958,False,True,2,2
3231,2025-11-01,2025-12-09,cnyes_item,True,True,-0.4636782213276204,-0.07814043450996289,0.6533778379784216,-0.08826188140917424,-0.021185596389373985,-0.005262146184219052,0.005262146184219052,-0.033941703659653225,-0.007051404625366242,0.016489092040423002,-0.007051404625366242,-0.05419515082503264,-0.023814277529429224,-0.11896812719323077,-0.3969416288437642,-0.4400823091676959,-0.012313550809585294,0.2070868404700832,0.5057551477298003,False,True,2,2
3231,2025-12-01,2026-01-09,cnyes_item,True,True,2.330089672288404,0.3977816684198695,1.0805904749238984,0.42721263694547673,-0.09515384966380154,-0.00023748176833849818,0.00023748176833849818,-0.0289461529269313,-0.06353216402087292,0.016489092040423002,-0.06353216402087292,-0.13138301619209516,-0.2207097605243259,-0.24533613832705575,-0.37311425337391174,-0.33741119690797144,-0.06376964578921142,0.1768194296200969,0.2796191754808587,False,True,5,5
3231,2026-01-01,2026-02-06,cnyes_item,True,True,0.3137138426952354,0.056888040376789406,0.8820907178067614,-0.19849975711713697,-0.04567366542967388,0.032399881555139134,0.032399881555139134,0.02030034664155797,0.0009328093565191525,0.016489092040423002,0.0009328093565191525,-0.09597487033883492,-0.05742374725157697,-0.127778115046856,-0.09207505858091575,-0.22682722478706657,0.03333269091165829,-0.08824080404510237,-0.5059176476909978,False,True,3,4
3231,2026-02-01,2026-03-09,cnyes_item,True,True,0.2882251497273161,0.05042581814412961,0.9224454950471568,0.04035477724039538,-0.03391525192674575,0.03189551530078084,0.03189551530078084,0.013248632713715791,-0.014128948241425621,0.016489092040423002,-0.014128948241425621,-0.01873915299374533,-0.08716972471932483,-0.0756791143186553,-0.10728258661958391,-0.1905398546661357,0.017766567059355216,-0.08152641390241122,0.08707822969880084,False,True,3,4
3231,2026-03-01,2026-04-09,cnyes_item,True,True,0.3501068231659779,0.05845530497394569,1.0201642008998846,0.0977187058527278,0.011490610400669551,0.004860505725280084,0.004860505725280084,0.007748055046660651,0.013313571846709712,0.016489092040423002,0.013313571846709712,-0.030207901295567788,0.03424959191135404,-0.008433365291289786,-0.11494076942425845,-0.23957647515004565,0.018174077571989796,-0.11999431171357333,-0.0948216989464399,False,True,4,4
3231,2026-04-01,2026-05-11,cnyes_item,True,True,-1.0366709061025583,-0.16363262847880244,0.7779341761057985,-0.24223002479408606,-0.04268295720264381,-0.08478488778391843,0.08478488778391843,0.028030612734918924,0.0013121679409662246,0.016489092040423002,0.0013121679409662246,-0.04298555531622693,-0.09109901673203409,-0.0007741489330728851,-0.11365939536051156,0.23730848150607547,-0.08347271984295221,-0.02827070583334823,1.0907102572857332,False,True,1,1
3231,2026-05-01,2026-06-09,cnyes_item,True,True,-0.9719979317639156,-0.15548246597181026,0.7513654913791363,-0.026568684726662184,0.09032486779896119,-0.02067914887077322,0.02067914887077322,0.020948367415977373,0.0044267646428549565,0.016489092040423002,0.0044267646428549565,-0.07985928482768312,-0.1424917577727774,-0.12594342844192646,0.2341260736376073,0.22326752986992537,-0.016252384227918262,0.12874911021837931,0.3427671489103741,False,True,1,1
3481,2023-09-01,2023-10-11,mops_item,True,True,0.9294006920190471,0.1620746001865842,0.22959450639677215,0.06849491111690753,-0.09075210506340024,0.0006650548380281399,0.0006650548380281399,-0.019668449757800216,0.006638548651389162,0.017602722340239043,0.006638548651389162,0.007406358182634264,-0.0056641634044441135,0.02169698028778887,0.012993599101080888,0.04131006128452256,0.007303603489417302,-0.1625604976370738,-0.06321242065512883,False,True,4,4
3481,2023-10-01,2023-11-10,mops_item,True,True,0.15967582871092814,0.028410566153150768,0.15972049413718636,-0.06987401225958578,0.012967712937844296,-0.00791930455194713,0.00791930455194713,-0.009280917104280558,-0.013094814521093718,0.017602722340239043,-0.013094814521093718,0.018144544197396417,-0.009704277690426175,-0.0019750076281005264,0.11237207513785938,0.17810131744149615,-0.02101411907304085,-0.3900927926006936,-0.8065108721184594,False,True,3,3
3481,2023-11-01,2023-12-11,mops_item,True,True,-0.46683967806297977,-0.0816992598931788,0.10177227204476225,-0.05794822209242412,0.0077292700623256515,0.009009853007837456,0.009009853007837456,-0.008449055816328873,-0.03618729365150643,0.017602722340239043,-0.03618729365150643,-0.0798858964846767,-0.0031906756713748815,0.09301422009218124,0.11609320639666681,0.04471866653964465,-0.02717744064366897,-0.15415187731803615,-0.05517415769797692,False,True,2,2
3481,2023-12-01,2024-01-10,mops_item,True,True,-0.5113965072376181,-0.08845892699759142,0.07523683052864882,-0.026535441516113423,0.09620489576355615,-0.006342934477786756,0.006342934477786756,-0.012323009665941222,0.007324387968149821,0.017602722340239043,0.007324387968149821,0.08000153688279535,0.09619028273523526,0.02169008156266223,-0.06744489536584308,-0.13257472064285467,0.0009814534903630646,0.03351794393896057,0.14341412560478878,False,True,2,1
3481,2024-01-01,2024-02-15,mops_item,True,True,0.23272110864397552,0.04001779343371818,0.15226099233725066,0.07702416180860183,-0.013424442684200216,-0.05497326566509249,0.05497326566509249,0.003677884338098839,-0.0077318392196100635,0.017602722340239043,-0.0077318392196100635,-0.0010397938827799713,-0.02492320220095439,-0.07137453985702218,-0.14757302935613922,-0.16394083204404172,-0.06270510488470254,0.32148328111270397,0.24472305887109488,False,True,3,3
3481,2024-02-01,2024-03-11,mops_item,True,True,0.9364232657581953,0.16015819216411015,0.26991489046766404,0.11765389813041338,-0.09211894621418006,0.021235113313200875,0.021235113313200875,-0.0062390061725512425,-0.016892429015769737,0.017602722340239043,-0.016892429015769737,-0.024943189364356258,-0.0006726433572327717,-0.03278957772582489,-0.10352742504867649,-0.13332422944706915,0.004342684297431138,0.21840863083081574,-0.614729123230437,False,True,5,4
3481,2024-03-01,2024-04-10,mops_item,True,True,-1.6301906443690641,-0.27673157400582815,-0.11092733622797368,-0.3808422266956377,-0.009580392102728083,-0.018797252665790836,0.018797252665790836,0.020204229089704207,-0.05836467830777765,0.017602722340239043,-0.05836467830777765,-0.057283436915542954,-0.04789982783984032,-0.07073784732285161,-0.10053465172124426,-0.04551007002244139,-0.07716193097356848,0.23040694044481924,0.12816053878564226,False,True,1,1
3481,2024-04-01,2024-05-10,mops_item,True,True,0.19979716941598938,0.035748833430406066,0.13949834895605306,0.25042568518402675,-0.022838019483011278,-0.003069186547200596,0.003069186547200596,0.010101814479196754,0.015361046699600547,0.017602722340239043,0.015361046699600547,-0.014097418856243766,0.015927113856268757,-0.006456454954407796,0.009907715912500899,0.08505724165815445,0.012291860152399952,-0.1275403918503022,-0.33753590909660847,False,True,3,3
3481,2024-05-01,2024-06-11,mops_item,True,True,0.13245170290116984,0.02318490997246296,0.12268021103771076,-0.016818137918342302,-0.022383568810676553,-0.011583759928138496,0.011583759928138496,0.020271162896784274,-0.01300557941979467,0.017602722340239043,-0.01300557941979467,0.02808971133882468,0.06405735152188675,0.036177509599020975,0.1039691361102841,,-0.024589339347933163,-0.08195259686703027,-0.3708128286633072,False,True,3,3
3481,2024-06-01,2024-07-10,mops_item,True,True,-0.2500357175430436,-0.04201274607617004,0.008404328512426673,-0.11427588252528409,-0.027879841922865814,-3.7384841119153175e-05,3.7384841119153175e-05,0.008229578803973766,-0.018304783091091244,0.017602722340239043,-0.018304783091091244,0.050327245692552425,0.09240759754077474,0.0837503835502379,,,-0.0183421679322104,-0.03973467513497653,-0.21766448866471835,False,True,2,2
3481,2024-08-01,2024-09-10,mops_item,True,True,-0.5189847988055699,-0.08069277913330453,-0.04763183496482881,-0.01573012792011852,-0.11110078815547453,-0.006177128365474835,0.006177128365474835,-0.008151000836973293,0.03103803904812718,0.017602722340239043,0.03103803904812718,0.07082309050539476,0.08261351762632904,0.08130471106310193,0.09155027322824369,0.11839382458812117,0.024860910682652344,0.03853801941242452,-0.7743176892313214,False,True,2,1
3481,2024-09-01,2024-10-11,mops_item,True,True,-0.10814222092928283,-0.015809528386440046,-0.039519266218810856,0.008112568746017956,-0.010137245283053452,-0.015505758933040303,0.015505758933040303,-0.02276603990366157,0.004725596231424069,0.017602722340239043,0.004725596231424069,0.047799203652484135,0.049584542309741894,0.020839222517675757,0.043851000439712295,0.010058371142537367,-0.010780162701616233,-0.07260615370091106,-1.0637230995607547,False,True,2,2
3481,2024-10-01,2024-11-11,mops_item,True,True,-0.0063173034837787825,-0.0008958187441964541,-0.04058008815364644,-0.0010608219348355874,-0.015838769783258135,-0.008302580021303168,0.008302580021303168,-0.00983773616350185,-0.0058680641211099095,0.017602722340239043,-0.0058680641211099095,0.010233468937466343,-0.019349405380173147,0.023011777922036528,-0.010780851375138394,-0.029843901301003714,-0.014170644142413077,-0.0938718297056007,-0.4922864667470392,False,True,3,3
3481,2024-11-01,2024-12-10,mops_item,True,True,0.13720854770620305,0.019480992131750696,-0.023096070980678007,0.017484017172968436,0.04236118330220968,-0.0020362906832689584,0.0020362906832689584,0.00014443039905340932,0.009603186237902028,0.017602722340239043,0.009603186237902028,-0.0006125047703534753,-0.020635683559854505,-0.024581994626339223,-0.04207611385850758,0.09441787384320212,0.007566895554633069,-0.07804734523654977,-0.025752067383999416,False,True,3,3
3481,2024-12-01,2025-01-10,mops_item,True,True,0.7754805340868648,0.10952969645495969,0.07513122133724792,0.09822729231792593,0.008872882908024448,-0.012707853349009817,0.012707853349009817,0.002288137349175212,0.0074527596846292385,0.017602722340239043,0.0074527596846292385,0.00746268895559199,-0.005631896785883307,-0.015391094833012124,0.1549022904075112,0.19109476340606169,-0.005255093664380579,-0.06241741558351821,0.30618271283661713,False,True,4,4
3481,2025-01-01,2025-02-11,mops_item,True,True,-0.3287134386022845,-0.04644414974971175,-0.04262579568207059,-0.11775701701931851,-0.02164439997392762,-0.003624995807512299,0.003624995807512299,-0.010067770833073515,-0.009461252076900396,0.017602722340239043,-0.009461252076900396,0.004603525763631043,0.047166398186674924,0.07178085575499173,0.17123959340830958,0.1282004814216197,-0.013086247884412695,-0.16593789906222067,-0.1711680616199036,False,True,2,2
3481,2025-02-01,2025-03-11,mops_item,True,True,0.8423804714829908,0.12004784509962008,0.12318429665778652,0.1658100923398571,0.032701865441030244,0.009153061807901769,0.009153061807901769,-0.0020951184491701446,-0.008183477736353797,0.017602722340239043,-0.008183477736353797,0.07127367727597428,0.08072631065737049,0.11535575828356422,0.057764731155088206,-0.0485838280998845,0.0009695840715479714,-0.009883611533091141,0.1714290671859395,False,True,4,4
3481,2025-03-01,2025-04-10,mops_item,True,True,1.7112519323503677,0.23660987848424261,0.2885064525885639,0.16532215593077737,0.03346624772448488,-0.0026288137005006373,0.0026288137005006373,0.01805212093155706,-0.024080498366600173,0.017602722340239043,-0.024080498366600173,-0.016768327464670538,0.02004919321050956,-0.05759102712847601,-0.16393958638344874,-0.18551467245719397,-0.02670931206710081,0.0707678853389404,-0.5647436864508035,True,True,5,5
3481,2025-04-01,2025-05-12,mops_item,True,True,-1.3764438439635467,-0.1930120930145307,-0.06999044182643743,-0.3584968944150013,-0.0776402203389856,-0.009528583224814098,0.009528583224814098,-0.013621022152218894,-0.006243413954084597,0.017602722340239043,-0.006243413954084597,-0.028790263588162127,-0.043113650777186624,-0.09622441942393876,-0.12475023939348585,-0.1596743422139963,-0.015771997178898694,0.024953792401357866,-0.3848930561063012,False,True,1,1
3481,2025-05-01,2025-06-10,mops_item,True,True,-0.8724989856624789,-0.12739298694536555,-0.013492884472061206,0.05649755735437623,-0.06912906592266665,0.0005955566062198527,0.0005955566062198527,-0.013317546422394022,0.0012024501137632556,0.017602722340239043,0.0012024501137632556,0.0012273257118038494,-0.04245313159421829,-0.028525819969547075,-0.06344992279005751,0.09178173849871879,0.0017980067199831083,-0.07287049442508531,-0.4241580649699553,False,True,1,1
3481,2025-06-01,2025-07-10,mops_item,True,True,-0.5307099543199582,-0.07583172618148144,-0.007490684084793031,0.006002200387268175,0.02118596883578052,-0.01766257929066207,0.01766257929066207,0.00016128458661004812,-0.0026805922477237676,0.017602722340239043,-0.0026805922477237676,-0.03440646091048929,-0.020712082433594004,-0.001244041861405417,0.10257807543854192,0.0691589370874802,-0.020343171538385836,-0.2622807292285163,-0.456811038142525,False,True,2,1
3481,2025-07-01,2025-08-11,mops_item,True,True,0.1390595600236302,0.017952144437379285,-0.012372525690384606,-0.004881841605591575,0.006411172926351025,0.023536947908429903,0.023536947908429903,-0.00483304595284772,0.0056391266316855315,0.017602722340239043,0.0056391266316855315,0.020704048083356075,0.07746443313055973,0.0781148082680229,0.06308767569822094,-0.05249661037714912,0.029176074540115435,-0.09282873417144755,0.6532037933896834,False,True,3,3
3481,2025-08-01,2025-09-10,mops_item,True,True,0.7873137393538034,0.09844383823327263,0.08732514015085968,0.09969766584124429,0.007409767520740598,-0.01915472775028605,0.01915472775028605,0.0015488869528506638,-0.011304977699083158,0.017602722340239043,-0.011304977699083158,-0.020310784945411036,-0.035930241283548874,0.01339895111373676,-0.19225708212552317,-0.1492889282590691,-0.030459705449369205,0.11918551001167188,-0.32745538206335323,False,True,4,4
3481,2025-09-01,2025-10-13,mops_item,True,True,-0.09320389376114359,-0.01106942020728378,0.011417889917943569,-0.07590725023291611,0.05293168811828415,-0.0007868279999187645,0.0007868279999187645,0.011607070886022128,-0.00870126561300142,0.017602722340239043,-0.00870126561300142,-0.08040085162903118,-0.16883343393939754,-0.20565603323925996,-0.16268787937280588,0.123021597288414,-0.009488093612920185,0.19441117485508164,0.18099152642973879,False,True,2,2
3481,2025-10-01,2025-11-11,mops_item,True,True,0.08078571763031724,0.009158347434755854,0.0379485155608954,0.026530625642951833,-0.028803892725135713,-0.032407854007948295,0.032407854007948295,-0.046843650269838256,0.02374534834240105,0.017602722340239043,0.02374534834240105,0.0029250162525559925,0.004404865090967863,0.0429681538664541,0.3286776305276739,0.279164431467323,-0.008662505665547243,0.17946973700971913,-0.40359339863255966,False,True,3,3
3481,2025-11-01,2025-12-10,mops_item,True,True,0.25774862412388916,0.029161726957943536,0.07472557550117642,0.03677705994028102,0.03856328877548619,-0.0004892236023813805,0.0004892236023813805,-0.02733774127005857,-0.023825063173301433,0.017602722340239043,-0.023825063173301433,-0.08661719333594878,-0.04440396725086543,0.2614123639407316,0.2568581199825378,0.3767972880267046,-0.024314286775682814,-0.07381561688812477,0.22963920651179895,False,True,3,3
3481,2025-12-01,2026-01-12,mops_item,True,True,-1.2016531459977222,-0.13511207940787054,-0.09374808574786542,-0.16847366124904184,0.30581633119159707,0.05737696285990126,0.05737696285990126,-0.02478633632286959,0.01754004906320912,0.017602722340239043,0.01754004906320912,0.182664088050663,0.007697824026001332,-0.11120286368931412,0.04983249524315307,-0.023162590404046828,0.07491701192311037,-0.11062887184207293,0.7023783954703937,True,True,1,1
3481,2026-03-01,2026-04-13,cnyes_item,True,True,-0.2539487793776783,-0.02982723628175539,0.054470137768706905,-0.11636042202605523,-0.02555233006770255,0.006836720194849963,0.006836720194849963,-0.043743852301794055,0.02621085363148215,0.017602722340239043,0.02621085363148215,-0.027424764539256664,-0.1173175134865943,0.1643716896027651,0.31688199872303413,0.6010728861526645,0.03304757382633211,0.7068904239512057,-1.4431684587726978,False,True,2,2
3481,2026-04-01,2026-04-22,finmind,False,,1.4843605962226534,0.15223947267368607,0.28594292122967246,0.23147278346096556,-0.04024042342809059,-0.024906384690710354,0.024906384690710354,-0.034000004201356,-0.013182960363541246,0.017602722340239043,-0.013182960363541246,-0.04359569347769039,0.08867965930090599,0.362482857696218,0.621645157288865,0.548166283225256,-0.0380893450542516,0.4821336846461195,-1.319603093978391,False,True,5,5
3481,2026-05-01,2026-05-12,finmind,False,,-0.5518847642407386,-0.058928605993193856,0.11148593360451997,-0.1744569876251525,0.21801338185913158,0.08143356645855496,0.08143356645855496,0.06850576862075533,0.05313987175753687,0.017602722340239043,0.05313987175753687,0.08001822559812849,0.11558344734605049,0.15251030912026903,0.43670119654989936,0.25020699998825774,0.13457343821609183,-0.1281725964017535,0.9872047294165783,True,True,2,1
3481,2026-06-01,2026-06-11,finmind,False,,-0.4907833049685784,-0.05282085703121217,0.09781214050308762,-0.013673793101432352,-0.1081396658054833,0.06903789265984513,0.06903789265984513,-0.05463811974328182,0.0058300645440470394,0.017602722340239043,0.0058300645440470394,0.20403223221794442,0.27050013210267615,0.21744057353187074,0.10962575342246084,0.034253144037670484,0.07486795720389217,0.6276140821540954,-1.3870441819786699,False,True,2,1
5483,2026-02-01,2026-03-12,cnyes_list,False,,0.1222132492196827,0.01391418969322326,-0.012558797743615457,-0.0819529383557871,0.009317598667381482,-0.07008860594558669,0.07008860594558669,0.005237642579961316,-0.0017789510988220599,0.01681140686666851,-0.0017789510988220599,0.11014118794919175,0.10877313833548494,0.06930329700396463,0.18764407330921737,-0.009081146088141381,-0.07186755704440875,0.19555989976637278,0.4238927735319147,False,True,3,3
5483,2026-03-01,2026-04-22,finmind,False,,-0.9084135032697055,-0.10274342429998858,-0.08425243165869034,-0.07169363391507488,0.12720246812209787,-0.020420500086440405,0.020420500086440405,-0.004404145690756946,-0.006585125516155692,0.01681140686666851,-0.006585125516155692,0.010213289430892001,0.07121544720768998,-0.047526881693306974,-0.044525609657431436,0.3773064620411579,-0.027005625602596096,0.06137793907865419,0.3414307488538235,False,True,1,1
5483,2026-04-01,2026-04-21,finmind,False,,0.8489449456135606,0.09705050523453569,0.08791147563782431,0.17216390729651465,0.12402991512068359,-0.004404145690756946,0.004404145690756946,0.05690274880726818,-0.020420500086440405,0.01681140686666851,-0.020420500086440405,0.0037252274316638967,0.025464189402942608,-0.07201917305196476,-0.024075474903040288,0.35943439659497833,-0.02482464577719735,0.05147725269654124,0.9818160335691202,False,True,4,4
5483,2026-05-01,2026-05-11,finmind,False,,0.003176388997215523,0.00036375229420807864,-0.0026028322939524173,-0.09051430793177673,0.08141617686257985,0.06724297216424688,0.06724297216424688,0.003615604138734175,-0.07313843877394195,0.01681140686666851,-0.07313843877394195,-0.18604166785818332,-0.22292094095404527,-0.3252744559722835,-0.028136238725318286,-0.043481005145944496,-0.005895466609695074,0.06984284283360598,1.1317191820787156,True,True,3,3
5483,2026-06-01,2026-06-08,finmind,False,,0.4800871270975001,0.05481701019986337,0.05516908076159055,0.05777191305554297,-0.09872603311393305,-0.01413033924693291,0.01413033924693291,-0.01854313048022787,0.05541079780098279,0.01681140686666851,0.05541079780098279,0.15909979018596745,0.1010859169709018,0.2971382172469652,0.28179345082633905,0.25242846427003496,0.04128045855404988,0.2620249675351607,-0.4118355504456401,False,True,4,4
6116,2023-08-01,2023-09-11,news_item,True,True,0.24784697601859654,0.06635909417374936,-0.20956953170312076,-0.0007530601651204449,-0.022361120435823396,0.015292819439185097,0.015292819439185097,0.0017854666762998576,-0.014048977104966786,0.014013508127453432,-0.014048977104966786,-0.02153884176076834,-0.012482994989449953,-0.04126311521987497,-0.06552709722062096,-0.0976963374225316,0.0012438423342183112,-0.004089985251525263,-0.6075486135117498,False,True,3,3
6116,2023-10-01,2023-11-10,news_item,True,True,0.8619784513601586,0.21301210290180114,-0.004573590385295034,0.2297974862348724,-0.040360690832255616,0.00023492573611425677,0.00023492573611425677,-0.019970262088555103,-0.01786757470151954,0.014013508127453432,-0.01786757470151954,-0.003357670005332145,-0.0010102212140774198,-0.0408532217543538,-0.006101015020462713,-0.08425805648230368,-0.017632648965405284,-0.21597506183559734,-0.4533893510857082,False,True,4,4
6116,2024-01-01,2024-02-15,news_item,True,True,-0.18435282607685136,-0.0370056471409311,-0.20136995390868861,0.06123084611255791,-0.0033264852365550396,-0.010035039541522062,0.010035039541522062,-0.004092788320125649,0.018153354791660442,0.014013508127453432,0.018153354791660442,0.0015008759689393216,-0.027578010367233948,-0.10450034881015677,-0.1510459343434121,-0.15836867387893702,0.00811831525013838,0.03509131981127034,-0.6722525944278894,False,True,2,2
6116,2024-09-01,2024-10-11,cnyes_list,False,,-0.7523890567161471,-0.19431404361590765,-0.5987643779496139,-0.2530322270246259,-0.006120320974154259,0.005141594923985757,0.005141594923985757,-0.024452009632185412,0.010464162387225822,0.014013508127453432,0.010464162387225822,0.0019433125275935981,-0.009466143229652507,-0.018491361568346854,-0.006664255025462355,-0.07113413246748075,0.015605757311211579,-0.07465367475935114,-0.5311971349961723,False,True,1,1
6116,2025-02-01,2025-03-11,cnyes_item,True,True,0.03851207619768623,0.010584329597463693,-0.03685085943862276,-0.0850709978138795,-0.011818261589867343,-0.002186280922680736,0.002186280922680736,0.001414082069809768,-0.001868696424668772,0.014013508127453432,-0.001868696424668772,0.019310043534168528,0.010139107767067938,-0.016671156301397948,0.018795870222147595,-0.06179541509837866,-0.004054977347349508,-0.017937700686667668,-0.08615949892445138,False,True,3,3
6116,2025-04-01,2025-05-12,cnyes_item,True,True,0.5476471675141276,0.14047758911065955,0.22214368603438928,-0.011485325800165924,0.012141319901987906,0.006984553998466928,0.006984553998466928,-0.004733622880946274,-0.007611956340238199,0.014013508127453432,-0.007611956340238199,-0.026207510352905895,-0.060876533145503495,-0.0852837050656248,-0.07968391481917873,-0.10749589941107363,-0.000627402341771271,-0.1365755350057507,-0.15671428846736427,False,True,4,4
6116,2025-06-01,2025-07-10,cnyes_item,True,True,-0.26693692439693845,-0.06436909734258361,0.20230621791793268,-0.14194702999467168,-0.007503916849561698,-0.01458076058556976,0.01458076058556976,-0.016402611574265112,0.00033830722405120677,0.014013508127453432,0.00033830722405120677,-0.022201861744684935,-0.011716603045621363,0.007460439499070361,-0.005089484844051653,-0.030139385738071633,-0.014242453361518553,-0.15130572769502693,0.3350933042897659,False,True,2,2
6116,2025-08-01,2025-09-10,cnyes_item,True,True,-0.7689245282856689,-0.18645795959267036,0.1458422652220861,-0.3044989433916463,-0.030450022901510818,-0.01654182022400651,0.01654182022400651,-0.020666122505735993,-0.019627078095101738,0.014013508127453432,-0.019627078095101738,-0.004505667090555783,0.02038785786704521,-0.02572898422207573,-0.1815263364011912,-0.19700439079031704,-0.036168898319108245,0.06899287148695143,-0.4268902209713758,False,True,1,1
6116,2025-12-01,2026-01-16,cnyes_list,False,,0.14771515881792058,0.03869190687035602,0.10183385929609656,0.25137454711482476,0.07514387834292878,-0.028869649466596616,0.028869649466596616,0.007111286269676598,0.06013981151079368,0.014013508127453432,0.06013981151079368,-0.11491610139889985,-0.20142082211270984,-0.19949044645230574,-0.23994336189443063,-0.3077465651203165,0.03127016204419707,-0.03526813883745783,0.623063359170613,True,True,3,3
6116,2026-03-01,2026-04-22,finmind,False,,-0.6730645051972954,-0.1650364204505325,-0.10750183375121125,-0.2200150729778052,-0.010174520219968803,-0.025105057363323982,0.025105057363323982,-0.03955132231683951,0.0003491093704800982,0.014013508127453432,0.0003491093704800982,-0.04987852095189983,-0.005352668677567618,0.08852423870077762,0.42100696991385245,0.3177589088342292,-0.024755947992843884,0.06124362524071891,-0.6913915764938773,False,True,1,1
6116,2026-04-01,2026-04-22,finmind,False,,0.437224106524096,0.1080917271567543,0.09584774950697295,0.2033495832581842,-0.010174520219968803,-0.025105057363323982,0.025105057363323982,-0.03955132231683951,0.0003491093704800982,0.014013508127453432,0.0003491093704800982,-0.04987852095189983,-0.005352668677567618,0.08852423870077762,0.42100696991385245,0.3177589088342292,-0.024755947992843884,0.06124362524071891,-0.6913915764938773,False,True,4,4
6116,2026-05-01,2026-05-11,finmind,False,,-0.023646636021237687,-0.005609417047716413,0.028010301279735472,-0.06783744822723747,-0.0037292590567189025,0.02656016673886469,0.02656016673886469,0.0019725189913288067,0.07928001349654498,0.014013508127453432,0.07928001349654498,0.05040769120188945,0.14132762214185118,0.3932736969189063,0.3637687222999188,0.25381892770495706,0.10584018023540967,-0.15854183702675506,1.389740647162536,True,True,3,3
6116,2026-06-01,2026-06-11,finmind,False,,-0.5251213367049476,-0.11237270689343977,-0.10692063454827405,-0.13493093582800952,0.0153385075903796,-0.030193320534384768,0.030193320534384768,-0.030769709881129682,0.06909884149858939,0.014013508127453432,0.06909884149858939,0.16700691352571792,0.1927382310635026,0.10700928541521629,0.04711393102858094,-0.030501578104451366,0.03890552096420462,0.4473652698487651,-1.2637208225125898,True,True,2,1
6239,2024-09-01,2024-10-17,cnyes_list,False,,-0.7100836818062373,-0.07554818680982223,0.009007044376868834,-0.004542616725846216,-0.055692726740847964,0.0203272951254111,0.0203272951254111,-0.016980624640092905,-0.01320273948771412,0.01662430558074703,-0.01320273948771412,-0.021368001241236386,-0.04826152725770743,-0.04287738213189076,-0.07933421344860643,-0.01720387141224747,0.00712455563769698,-0.19486918684919363,-0.2105826293783344,False,True,1,1
6239,2025-11-01,2025-12-08,cnyes_item,True,True,1.07366764542467,0.0964083430623468,0.1841548202677714,0.023605736911012087,-0.03964500859098448,-0.00021297050267560583,0.00021297050267560583,-0.001986440405006819,-0.005502971028024672,0.01662430558074703,-0.005502971028024672,-0.01192833219066552,0.06687555360001762,0.10174590714210927,0.20515653811314719,-0.0512023552167972,-0.0057159415307002776,0.24236670812864514,-0.9286182320169413,False,True,5,5
6239,2025-12-01,2026-01-09,cnyes_item,True,True,0.8932428796960568,0.08101403063578042,0.2236737311047854,0.039518910837013976,0.08549395707564268,-0.0018629702328243746,0.0018629702328243746,0.00893534818897139,0.05737487114748556,0.01662430558074703,0.05737487114748556,0.18335000195906392,0.08944194778368336,0.09377814314201126,-0.178540996572052,-0.20731888144138663,0.05551190091466118,0.08258641806817213,0.8577879725241744,True,True,4,4
6239,2026-01-01,2026-02-09,cnyes_item,True,True,0.8996285282485729,0.07689907807432186,0.2663582896507606,0.04268455854597519,0.004336195358327879,1.6303825859941695e-05,1.6303825859941695e-05,0.0007116425475438247,-0.019665725011831867,0.01662430558074703,-0.019665725011831867,-0.027882269139100687,-0.12852268571523606,-0.2835207882413103,-0.2988820929293071,-0.3111642860609794,-0.019649421185971926,0.30335530867885385,-0.8918774526349873,False,True,4,4
6239,2026-02-01,2026-03-09,cnyes_item,True,True,1.6330553157159704,0.1332415424850275,0.35797048949279997,0.09161219984203939,-0.10942962209641234,-0.05393984945082287,0.05393984945082287,-0.0005726613930081559,0.033830238729064224,0.01662430558074703,0.033830238729064224,-0.07077989072385761,-0.12630507729029047,-0.06100328516528298,-0.11353324387178876,0.05638561619522411,-0.020109610721758646,0.4023450443042389,-0.7405829728009959,True,True,5,5
6239,2026-03-01,2026-04-10,cnyes_item,True,True,0.18585022836582188,0.014718570624160321,0.2973860740402756,-0.060584415452524354,0.02818089220876223,0.018429836677807853,0.018429836677807853,-0.01450128425669761,0.014159866427593926,0.01662430558074703,0.014159866427593926,-0.06100339910601807,-0.04025535966850074,-0.08477512998666009,0.07407362388553584,0.06157787928898104,0.03258970310540178,0.21084927496359906,-0.0027882925983130566,False,True,3,3
6239,2026-04-01,2026-05-11,cnyes_item,True,True,-0.07584718188645335,-0.005994938548309847,0.3012433458463022,0.0038572718060265743,-0.020731040470839394,-0.013491231814846169,0.013491231814846169,-0.01482538704419789,-0.012697784164986882,0.01662430558074703,-0.012697784164986882,0.09150540159609266,0.17235674131680256,0.15884875387219594,0.1463530092756411,0.011509005413651748,-0.02618901597983305,-0.21830105788110554,0.23797894216297052,False,True,3,2
6239,2026-05-01,2026-06-08,cnyes_item,True,True,-0.47463999498395576,-0.03751219990248461,0.28135443655730796,-0.019888909288994228,0.05209391488762008,-0.025944097064651825,0.025944097064651825,-0.013442627989209116,0.006441074379409523,0.01662430558074703,0.006441074379409523,-0.004562113286114791,-0.003582430492850463,-0.012495744596554807,-0.14733974845854417,-0.09841044177774422,-0.019503022685242302,0.12799382319121122,-0.5604900630909369,False,True,2,2
6239,2026-06-01,2026-06-08,finmind,False,,-0.3661378239493416,-0.02916186417406408,0.26416608797389785,-0.017188348583410118,0.05209391488762008,-0.025944097064651825,0.025944097064651825,-0.013442627989209116,0.006441074379409523,0.01662430558074703,0.006441074379409523,-0.004562113286114791,-0.003582430492850463,-0.012495744596554807,-0.14733974845854417,-0.09841044177774422,-0.019503022685242302,0.12799382319121122,-0.5604900630909369,False,True,2,2
